"id";"period";"okato";"subject";"river_basin";"indicator";"hazard_class";"cnt_cases";"value_min";"value_max";"unit"
1;2008-01-31;"14000000000";Белгородская область;р. Дон;Нитрит-ионы;"4э";"4";10;15;ПДК
2;2008-01-31;"19000000000";Вологодская область;р. Волга;Нитрит-ионы;"4э";"1";38;38;ПДК
3;2008-01-31;"19000000000";Вологодская область;р. Северная Двина;БПК5;"";"1";13;13;ПДК
4;2008-01-31;"19000000000";Вологодская область;р. Северная Двина;ХПК;"";"1";20;20;ПДК
5;2008-01-31;"19000000000";Вологодская область;р. Северная Двина;Лигносульфонаты;"4";"1";35;35;ПДК
6;2008-01-31;"19000000000";Вологодская область;р. Северная Двина;Нитрит-ионы;"4э";"2";11;13;ПДК
7;2008-01-31;"76000000000";Забайкальский край;р. Амур;Нитрит-ионы;"4э";"2";11;18;ПДК
8;2008-01-31;"76000000000";Забайкальский край;р. Амур;Аммоний-ион;"4";"1";12;12;ПДК
9;2008-01-31;"33000000000";Кировская область;р. Волга;Взвешенные вещества;"";"3";10;45;ПДК
10;2008-01-31;"37000000000";Курганская область;р. Обь;Взвешенные вещества;"";"2";10;18;ПДК
11;2008-01-31;"37000000000";Курганская область;р. Обь;Марганец;"4";"4";32;48;ПДК
12;2008-01-31;"41000000000";Ленинградская область;малые реки, озера, водохранилища;Марганец;"4";"2";32;35;ПДК
13;2008-01-31;"46000000000";Московская область;р. Волга;Аммоний-ион;"4";"2";13;30;ПДК
14;2008-01-31;"46000000000";Московская область;р. Волга;Нитрит-ионы;"4э";"11";11;32;ПДК
15;2008-01-31;"47000000000";Мурманская область;малые реки, озера, водохранилища;Сульфаты;"4";"1";13;13;ПДК
16;2008-01-31;"47000000000";Мурманская область;малые реки, озера, водохранилища;Медь;"3";"1";40;40;ПДК
17;2008-01-31;"47000000000";Мурманская область;малые реки, озера, водохранилища;Ксантогенат бутиловый;"4";"1";37;37;ПДК
18;2008-01-31;"47000000000";Мурманская область;малые реки, озера, водохранилища;Никель;"3";"3";10;26;ПДК
19;2008-01-31;"47000000000";Мурманская область;малые реки, озера, водохранилища;Нитрит-ионы;"4э";"1";24;24;ПДК
20;2008-01-31;"22000000000";Нижегородская область;р. Волга;Сульфаты;"4";"1";11;11;ПДК
21;2008-01-31;"22000000000";Нижегородская область;р. Волга;Взвешенные вещества;"";"1";18;18;ПДК
22;2008-01-31;"50000000000";Новосибирская область;р. Обь;Нитрит-ионы;"4э";"1";11;11;ПДК
23;2008-01-31;"50000000000";Новосибирская область;р. Обь;Аммоний-ион;"4";"1";14;14;ПДК
24;2008-01-31;"53000000000";Оренбургская область;р. Урал;Цинк;"3";"1";30;30;ПДК
25;2008-01-31;"57000000000";Пермский край;р. Волга;Марганец;"4";"2";31;37;ПДК
26;2008-01-31;"57000000000";Пермский край;р. Волга;Взвешенные вещества;"";"2";13;16;ПДК
27;2008-01-31;"05000000000";Приморский край;р. Амур;Аммоний-ион;"4";"4";11;14;ПДК
28;2008-01-31;"05000000000";Приморский край;р. Амур;БПК5;"";"1";19;19;ПДК
29;2008-01-31;"05000000000";Приморский край;р. Амур;Сульфиды и сероводород;"4";"2";0.0002;0.0002;мг/л
30;2008-01-31;"05000000000";Приморский край;р. Амур;Железо общее;"4";"1";45;45;ПДК
31;2008-01-31;"05000000000";Приморский край;р. Амур;Нитрит-ионы;"4э";"2";12;24;ПДК
32;2008-01-31;"05000000000";Приморский край;малые реки, озера, водохранилища;Марганец;"4";"1";48;48;ПДК
33;2008-01-31;"05000000000";Приморский край;малые реки, озера, водохранилища;Аммоний-ион;"4";"1";13;13;ПДК
34;2008-01-31;"80000000000";Республика Башкортостан;р. Обь;Марганец;"4";"1";30;30;ПДК
35;2008-01-31;"61000000000";Рязанская область;р. Волга;Цинк;"3";"2";10;13;ПДК
36;2008-01-31;"61000000000";Рязанская область;р. Волга;Аммоний-ион;"4";"2";12;13;ПДК
37;2008-01-31;"64000000000";Сахалинская область;малые реки, озера, водохранилища;Аммоний-ион;"4";"1";25;25;ПДК
38;2008-01-31;"65000000000";Свердловская область;р. Волга;Взвешенные вещества;"";"4";11;21;ПДК
39;2008-01-31;"65000000000";Свердловская область;р. Кама;Цинк;"3";"1";11;11;ПДК
40;2008-01-31;"65000000000";Свердловская область;р. Кама;Никель;"3";"1";24;24;ПДК
41;2008-01-31;"65000000000";Свердловская область;р. Обь;Аммоний-ион;"4";"3";13;18;ПДК
42;2008-01-31;"65000000000";Свердловская область;р. Обь;Медь;"3";"1";32;32;ПДК
43;2008-01-31;"65000000000";Свердловская область;р. Обь;Марганец;"4";"8";33;43;ПДК
44;2008-01-31;"65000000000";Свердловская область;р. Обь;Фосфаты;"4э";"6";14;29;ПДК
45;2008-01-31;"65000000000";Свердловская область;р. Обь;Нитрит-ионы;"4э";"3";32;44;ПДК
46;2008-01-31;"65000000000";Свердловская область;р. Обь;Взвешенные вещества;"";"12";12;25;ПДК
47;2008-01-31;"70000000000";Тульская область;р. Волга;Нитрит-ионы;"4э";"2";12;22;ПДК
48;2008-01-31;"70000000000";Тульская область;р. Дон;Аммоний-ион;"4";"1";21;21;ПДК
49;2008-01-31;"71000000000";Тюменская область;р. Обь;Железо общее;"4";"1";31;31;ПДК
50;2008-01-31;"71000000000";Тюменская область;р. Обь;Растворенный кислород;"";"3";2.27;2.92;мг/л
51;2008-01-31;"75000000000";Челябинская область;р. Обь;Марганец;"4";"1";42;42;ПДК
52;2008-01-31;"75000000000";Челябинская область;р. Обь;Взвешенные вещества;"";"1";23;23;ПДК
53;2008-01-31;"75000000000";Челябинская область;р. Обь;Нитрит-ионы;"4э";"1";13;13;ПДК
54;2008-02-29;"12000000000";Астраханская область;р. Волга;Ртуть;"1";"5";3;4;ПДК
55;2008-02-29;"14000000000";Белгородская область;р. Днепр;Нитрит-ионы;"4э";"1";11.3;11.3;ПДК
56;2008-02-29;"14000000000";Белгородская область;р. Дон;Нитрит-ионы;"4э";"1";15;15;ПДК
57;2008-02-29;"18000000000";Волгоградская область;р. Волга;Ртуть;"1";"1";3;3;ПДК
58;2008-02-29;"19000000000";Вологодская область;р. Волга;Аммоний-ион;"4";"1";11;11;ПДК
59;2008-02-29;"19000000000";Вологодская область;р. Волга;Цинк;"3";"1";14;14;ПДК
60;2008-02-29;"19000000000";Вологодская область;р. Волга;Нитрит-ионы;"4э";"1";13;13;ПДК
61;2008-02-29;"19000000000";Вологодская область;р. Северная Двина;Фенол;"3";"1";32;32;ПДК
62;2008-02-29;"19000000000";Вологодская область;р. Северная Двина;Растворенный кислород;"";"3";2.57;2.91;мг/л
63;2008-02-29;"19000000000";Вологодская область;р. Северная Двина;БПК5;"";"1";12;12;ПДК
64;2008-02-29;"19000000000";Вологодская область;р. Северная Двина;ХПК;"";"1";25;25;ПДК
65;2008-02-29;"76000000000";Забайкальский край;р. Амур;Нитрит-ионы;"4э";"1";12;12;ПДК
66;2008-02-29;"32000000000";Кемеровская область - Кузбасс;р. Обь;Цинк;"3";"2";25;37;ПДК
67;2008-02-29;"04000000000";Красноярский край;р. Енисей;Нитрит-ионы;"4э";"1";12;12;ПДК
68;2008-02-29;"04000000000";Красноярский край;р. Обь;Железо общее;"4";"1";30;30;ПДК
69;2008-02-29;"46000000000";Московская область;р. Волга;Аммоний-ион;"4";"5";11;15;ПДК
70;2008-02-29;"46000000000";Московская область;р. Волга;Нитрит-ионы;"4э";"4";11;16;ПДК
71;2008-02-29;"47000000000";Мурманская область;малые реки, озера, водохранилища;Аммоний-ион;"4";"1";12;12;ПДК
72;2008-02-29;"47000000000";Мурманская область;малые реки, озера, водохранилища;Никель;"3";"1";22;22;ПДК
73;2008-02-29;"22000000000";Нижегородская область;р. Волга;Сульфаты;"4";"1";12;12;ПДК
74;2008-02-29;"22000000000";Нижегородская область;р. Волга;Взвешенные вещества;"";"2";10;18;ПДК
75;2008-02-29;"52000000000";Омская область;р. Обь;Марганец;"4";"1";48;48;ПДК
76;2008-02-29;"53000000000";Оренбургская область;р. Урал;Цинк;"3";"1";17;17;ПДК
77;2008-02-29;"57000000000";Пермский край;р. Волга;Взвешенные вещества;"";"3";26;50;ПДК
78;2008-02-29;"57000000000";Пермский край;р. Волга;Железо общее;"4";"1";41;41;ПДК
79;2008-02-29;"57000000000";Пермский край;р. Волга;Марганец;"4";"1";42;42;ПДК
80;2008-02-29;"57000000000";Пермский край;р. Кама;Никель;"3";"1";18;18;ПДК
81;2008-02-29;"05000000000";Приморский край;р. Амур;Железо общее;"4";"2";36;43;ПДК
82;2008-02-29;"05000000000";Приморский край;р. Амур;Аммоний-ион;"4";"1";14;14;ПДК
83;2008-02-29;"05000000000";Приморский край;р. Амур;Марганец;"4";"3";46;49;ПДК
84;2008-02-29;"05000000000";Приморский край;р. Амур;БПК5;"";"3";6;19;ПДК
85;2008-02-29;"05000000000";Приморский край;р. Амур;Растворенный кислород;"";"1";2.9;2.9;мг/л
86;2008-02-29;"05000000000";Приморский край;р. Амур;Сульфиды и сероводород;"4";"2";0.0002;0.0004;мг/л
87;2008-02-29;"05000000000";Приморский край;малые реки, озера, водохранилища;Фосфаты;"4э";"1";30;30;ПДК
88;2008-02-29;"05000000000";Приморский край;малые реки, озера, водохранилища;Марганец;"4";"1";41;41;ПДК
89;2008-02-29;"05000000000";Приморский край;малые реки, озера, водохранилища;Аммоний-ион;"4";"1";18;18;ПДК
90;2008-02-29;"05000000000";Приморский край;малые реки, озера, водохранилища;Железо общее;"4";"1";30;30;ПДК
91;2008-02-29;"05000000000";Приморский край;малые реки, озера, водохранилища;Цинк;"3";"1";24;24;ПДК
92;2008-02-29;"05000000000";Приморский край;малые реки, озера, водохранилища;БПК5;"";"1";18;18;ПДК
93;2008-02-29;"61000000000";Рязанская область;р. Волга;Железо общее;"4";"2";36;36;ПДК
94;2008-02-29;"61000000000";Рязанская область;малые реки, озера, водохранилища;Железо общее;"4";"1";49;49;ПДК
95;2008-02-29;"36000000000";Самарская область;р. Волга;Растворенный кислород;"";"1";2.71;2.71;мг/л
96;2008-02-29;"36000000000";Самарская область;р. Волга;ХПК;"";"1";19;19;ПДК
97;2008-02-29;"36000000000";Самарская область;р. Волга;БПК5;"";"1";34;34;ПДК
98;2008-02-29;"64000000000";Сахалинская область;малые реки, озера, водохранилища;Нитрит-ионы;"4э";"1";15;15;ПДК
99;2008-02-29;"64000000000";Сахалинская область;малые реки, озера, водохранилища;Аммоний-ион;"4";"1";28;28;ПДК
