id,period,subject,municipality,settlement,oktmo,water_body,indicator,hazard_class,cnt_cases,value_min,value_max,unit,indicator,pdk_hazard_class,pdk_value,date_start,date_end,ingredient_npa,in_period,concentration_mg_l
5,2008-01-31,Мурманская область,Городской округ город Мончегорск с подведомственной территорией,г. Мончегорск,47715000111,р. Нюдуай,Водородный показатель (pH),0,1,9.9,9.9,pH,,,,,,,,
250,2008-06-30,Мурманская область,Городской округ город Мончегорск с подведомственной территорией,г. Мончегорск,47715000111,р. Нюдуай,Водородный показатель (pH),0,1,9.8,9.8,pH,,,,,,,,
459,2009-02-28,Мурманская область,Городской округ город Мончегорск с подведомственной территорией,г. Мончегорск,47715000111,р. Нюдуай,Водородный показатель (pH),0,1,10.35,10.35,pH,,,,,,,,
840,2010-01-31,Мурманская область,Городской округ город Мончегорск с подведомственной территорией,г. Мончегорск,47715000111,р. Нюдуай,Водородный показатель (pH),0,1,9.95,9.95,pH,,,,,,,,
869,2010-02-28,Мурманская область,Городской округ город Мончегорск с подведомственной территорией,г. Мончегорск,47715000111,р. Нюдуай,Водородный показатель (pH),0,1,10.0,10.0,pH,,,,,,,,
942,2010-03-31,Мурманская область,Городской округ город Мончегорск с подведомственной территорией,г. Мончегорск,47715000111,р. Нюдуай,Водородный показатель (pH),0,1,10.1,10.1,pH,,,,,,,,
1033,2010-04-30,Мурманская область,Городской округ город Мончегорск с подведомственной территорией,г. Мончегорск,47715000111,р. Нюдуай,Водородный показатель (pH),0,1,9.9,9.9,pH,,,,,,,,
1129,2010-05-31,Вологодская область,Город Череповец,г. Череповец,19730000001,р. Нелаза,Водородный показатель (pH),0,1,3.6,3.6,pH,,,,,,,,
1428,2011-02-28,Мурманская область,Городской округ город Мончегорск с подведомственной территорией,г. Мончегорск,47715000111,р. Нюдуай,Водородный показатель (pH),0,1,10.0,10.0,pH,,,,,,,,
1479,2011-03-31,Мурманская область,Городской округ город Мончегорск с подведомственной территорией,г. Мончегорск,47715000111,р. Нюдуай,Водородный показатель (pH),0,1,9.9,9.9,pH,,,,,,,,
2022,2012-04-30,Мурманская область,Городской округ город Мончегорск с подведомственной территорией,г. Мончегорск,47715000111,р. Нюдуай,Водородный показатель (pH),0,1,9.87,9.87,pH,,,,,,,,
2359,2013-01-31,Мурманская область,Городской округ город Мончегорск с подведомственной территорией,г. Мончегорск,47715000111,р. Нюдуай,Водородный показатель (pH),0,1,9.8,9.8,pH,,,,,,,,
2390,2013-02-28,Мурманская область,Городской округ город Мончегорск с подведомственной территорией,г. Мончегорск,47715000111,р. Нюдуай,Водородный показатель (pH),0,1,10.3,10.3,pH,,,,,,,,
2458,2013-03-31,Мурманская область,Городской округ город Мончегорск с подведомственной территорией,г. Мончегорск,47715000111,р. Нюдуай,Водородный показатель (pH),0,1,9.79,9.79,pH,,,,,,,,
2810,2014-02-28,Мурманская область,Городской округ город Мончегорск с подведомственной территорией,г. Мончегорск,47715000111,р. Нюдуай,Водородный показатель (pH),0,1,9.97,9.97,pH,,,,,,,,
2863,2014-03-31,Мурманская область,Городской округ город Мончегорск с подведомственной территорией,г. Мончегорск,47715000111,р. Нюдуай,Водородный показатель (pH),0,1,10.1,10.1,pH,,,,,,,,
2930,2014-04-30,Мурманская область,Городской округ город Мончегорск с подведомственной территорией,г. Мончегорск,47715000111,р. Нюдуай,Водородный показатель (pH),0,1,10.14,10.14,pH,,,,,,,,
3360,2015-01-31,Мурманская область,Городской округ город Мончегорск с подведомственной территорией,г. Мончегорск,47715000111,р. Нюдуай,Водородный показатель (pH),0,1,9.9,9.9,pH,,,,,,,,
3404,2015-02-28,Мурманская область,Городской округ город Мончегорск с подведомственной территорией,г. Мончегорск,47715000111,р. Нюдуай,Водородный показатель (pH),0,1,10.1,10.1,pH,,,,,,,,
3456,2015-03-31,Мурманская область,Городской округ город Мончегорск с подведомственной территорией,г. Мончегорск,47715000111,р. Нюдуай,Водородный показатель (pH),0,1,10.2,10.2,pH,,,,,,,,
3532,2015-04-30,Мурманская область,Городской округ город Мончегорск с подведомственной территорией,г. Мончегорск,47715000111,р. Нюдуай,Водородный показатель (pH),0,1,9.8,9.8,pH,,,,,,,,
3619,2015-05-31,Мурманская область,Городской округ город Мончегорск с подведомственной территорией,г. Мончегорск,47715000111,р. Нюдуай,Водородный показатель (pH),0,1,10.1,10.1,pH,,,,,,,,
4058,2016-03-31,Мурманская область,Городской округ город Мончегорск с подведомственной территорией,г. Мончегорск,47715000111,р. Нюдуай,Водородный показатель (pH),0,1,10.1,10.1,pH,,,,,,,,
4059,2016-03-31,Мурманская область,Городской округ город Мончегорск с подведомственной территорией,г. Мончегорск,47715000111,р. Нюдуай,Водородный показатель (pH),0,1,10.3,10.3,pH,,,,,,,,
4394,2016-08-31,Свердловская область,городской округ Краснотурьинск,г. Краснотурьинск,65745000001,р. Турья,Водородный показатель (pH),0,1,10.9,10.9,pH,,,,,,,,
4591,2017-01-31,Мурманская область,Городской округ город Мончегорск с подведомственной территорией,г. Мончегорск,47715000111,р. Нюдуай,Водородный показатель (pH),0,1,9.8,9.8,pH,,,,,,,,
4629,2017-02-28,Мурманская область,Городской округ город Мончегорск с подведомственной территорией,г. Мончегорск,47715000111,р. Нюдуай,Водородный показатель (pH),0,1,9.8,9.8,pH,,,,,,,,
4797,2017-04-30,Свердловская область,городской округ Краснотурьинск,г. Краснотурьинск,65745000001,р. Турья,Водородный показатель (pH),0,1,9.8,9.8,pH,,,,,,,,
5304,2018-03-31,Мурманская область,Городской округ город Мончегорск с подведомственной территорией,г. Мончегорск,47715000111,р. Нюдуай,Водородный показатель (pH),0,1,9.9,9.9,pH,,,,,,,,
5380,2018-04-30,Мурманская область,Городской округ город Мончегорск с подведомственной территорией,г. Мончегорск,47715000111,р. Нюдуай,Водородный показатель (pH),0,1,9.8,9.8,pH,,,,,,,,
7618,2021-08-31,Мурманская область,Городской округ город Кировск с подведомственной территорией,г. Кировск,47712000001,оз. Б.Вудъявр,Водородный показатель (pH),0,1,9.72,9.72,pH,,,,,,,,
7619,2021-08-31,Мурманская область,Городской округ город Кировск с подведомственной территорией,г. Кировск,47712000001,оз. Б.Вудъявр,Водородный показатель (pH),0,1,9.74,9.74,pH,,,,,,,,
7620,2021-08-31,Мурманская область,Городской округ город Мурманск,г. Мурманск,47701000001,оз. Ледовое,Водородный показатель (pH),0,1,9.78,9.78,pH,,,,,,,,
