water_body,total_cases,avg_concentration,avg_exceed_ratio,records
р. Комаровка,6,39.66695,2966.6723333333334,6
оз. Ледовое,1,9.78,0.0,1
р. Белая,77,161.15844155844158,11829.166666666666,77
р. Вологда,1,1.77,0.0,1
р. Нижняя Тунгуска,2,83.0,83000.0,2
р. Раковка,5,52.12041999999999,4943.7605,5
оз. Ханка,2,73.0,1825.0,2
р. Теша,1,66.0,0.0,1
оз. Шелюгино,15,37.552,6188.888888888889,15
р. Иньва,4,68.0,0.0,4
р. Каргат,20,219.9,27315.263157894737,20
р. Куда,3,74.0,0.0,3
р. Берелех,2,189.5,189500.0,2
р. Нижний Сузун,1,756.0,756000.0,1
оз. Сартлан,1,2.0,0.0,1
р. Нелаза,4,280.54999999999995,1060.0,4
вдхр. Нижне-Железянское (р. Железянка),1,69.0,69000.0,1
р. Рязанка,59,387.0849152542373,515769.9777777779,59
р. Сива,27,113.74074074074075,0.0,27
р. Седью,1,89.0,8900.0,1
р. Черная,27,44.81888888888889,11612.631578947368,27
р. Надым,26,52.41538461538461,6350.0,26
р. Турья,12,69.16666666666666,6232.5,12
р. Талица,4,80.25,4012.5,4
р. Медвенка,1,64.0,0.0,1
р. Борзовка,2,387.885,516.6666666666666,2
р. Мезень,9,177.66666666666666,17766.666666666668,9
р. Модонкуль,13,59.0,34215.38461538462,13
вдхр. Братское,25,84.16,0.0,25
р. Промежица,2,92.0,0.0,2
р. Колыма (вдхр. Колымское),1,5.0,833.3333333333334,1
болото Молебское,1,110.0,73.33333333333333,1
р. Аба,6,85.33333333333333,0.0,6
прот. из оз. Куэтс-Ярви,8,14.75,6700.0,8
р. Песчанка,1,69.0,0.0,1
р. Норильская,2,100.0,0.0,2
р. Чахловица,5,244.46000000000004,3148.6666666666665,5
р. Васюган,1,100.0,0.0,1
вдхр. Черноисточинское на р. Черная,1,2.0,0.0,1
р. Обва,7,97.42857142857143,0.0,7
р. Реж,4,74.0,0.0,4
р. Охинка,108,98.38611111111112,55633.333333333336,108
р. Иня (нижняя),4,63.0,23244.44444444445,4
р. Кумужья,13,170.3846153846154,158546.15384615384,13
оз. Иткуль,3,58.60666666666666,8750.0,3
руч. Южный (приток р. Тальтия),1,87.0,87000.0,1
р. Пивоварка (приток р. Барнаулка),2,59.5,0.0,2
р. Рогатка,4,205.75,175150.0,4
р. Малая Кушва,3,93.0,9300.0,1
р. Вязьма,544,0.40229779411764743,0.0,544
р. Оккервиль,1,83.0,2075.0,1
р. Тея,4,86.75,59975.0,4
р. Вах,1,84.0,84000.0,1
оз. Андреевское,3,74.33333333333333,7433.333333333333,3
р. Березовка,43,108.5813953488372,94750.0,43
вдхр. Аргазинское (р. Миасс),1,85.0,8500.0,1
р. Омчак,12,308.8333333333333,57066.666666666664,12
оз. Убинское,1,1.8,0.0,1
р. Елшанка,2,153.0,10300.0,2
р. Дачная,64,15.062187499999999,0.0,64
р. Ангара,25,92.8,55000.0,25
р. Кубань,1,1528.0,0.0,1
р. Ляля,35,81.21714285714286,89074.07407407407,35
р. Серга,2,124.0,0.0,2
р. Сисим,4,123.0,121958.33333333334,4
р. Катунь,1,67.0,6700.0,1
р. Холдоми,25,78.28,71116.0,25
р. Череха,1,0.6,0.0,1
оз. Средний Кабан,1,52.0,5200.0,1
р. Сысерть,2,67.0,0.0,2
р. Медведица,1,287.0,28700.0,1
р. Поцелуйка,5,101.0,134.0,5
р. Упа,3,72.83333333333333,3641.6666666666665,3
р. Полуденка,3,70.33333333333333,43333.333333333336,3
пруд Красотка на р. Сосновка,5,43.8,42.0,5
оз. Большое Кызыкульское,12,44.402499999999996,1175.0444444444445,12
р. Синячиха,3,38.20666666666667,0.0,3
р. Амазар,1,647.0,0.0,1
р. Бурея,13,90.38461538461539,2927.777777777778,13
руч. Дальдыкан,1,100.0,0.0,1
вдхр. Шатское,1,67.0,0.0,1
руч. Безымянный,11,110.81818181818181,9572.222222222223,11
болото Гагарье,1,185.0,123.33333333333333,1
пруд Н. Буян,3,77.33333333333333,5300.0,3
р. Чермасан,2,58.5,5850.0,2
оз. Большой Камаган,6,39.68333333333333,6250.0,6
р. Седэ-Яха,3,114.33333333333333,9633.333333333334,3
р. Олха,1,122.0,0.0,1
р. Уруша,1,81.0,8100.0,1
р. Дегтярка,3,97.0,42700.0,3
р. Тигода,1,82.0,0.0,1
р. Белый Июс,1,667.0,0.0,1
р. Таз,23,74.15217391304348,7676.666666666667,23
р. Осиновка,10,174.7,15976.0,10
р. Алатырь,3,76.89,0.0,3
р. Ветлуга,1,88.0,0.0,1
р. Ельчевка,2,73.5,41550.0,2
р. Онега,3,76.33333333333333,7633.333333333333,3
р. Бахтинка,1,746.0,497.3333333333333,1
р. Анавгай,1,50.0,0.0,1
р. Эрри,1,990.0,990000.0,1
р. Кивда,27,80.81481481481481,3727.5925925925926,27
р. Иня,1,64.0,3200.0,1
р. Ворсма,4,71.75,0.0,4
вдхр. Аргазинское,25,81.72,10440.0,25
р. Буян,6,45.250166666666665,5300.0,6
р. Кыргай (приток р. Ускат),1,100.0,0.0,1
вдхр. Чебоксарское,18,68.5,5000.0,18
р. Поронай,5,38.8,38800.0,5
р. Cеверский Донец,1,100.0,10000.0,1
р. Пшеха,2,2961.0,0.0,2
р. Тара,23,85.8695652173913,8713.636363636364,23
р. Северная Сосьва,7,51.771428571428565,19960.0,7
оз. Большой Вудъявр,68,16.54264705882353,16542.647058823528,68
рук. Ахтуба,2,5.0,5000.0,2
р. Убинка,3,284.96666666666664,8540.0,3
р. Сылва,11,96.27272727272727,0.0,11
р. Падовая,5,88.76,4115.0,5
р. Читинка,4,59.0,3300.0,4
р. Нижняя Ельцовка,35,64.68571428571428,6468.571428571428,35
р. Б. Бира,1,78.0,78000.0,1
р. Нюдуай,151,64.1766225165563,76931.68316831683,151
р. Сусуя,5,73.20056,6096.0112,5
р. Пур,60,77.16666666666667,5370.666666666667,60
р. Рудная,33,91.87878787878788,9187.878787878788,33
р. Оша,3,166.0,16600.0,3
р. Роста,8,51.875,2710.0,8
оз. Шарташ,5,87.4,0.0,5
вдхр. Воронежское,1,1.9,0.0,1
р. Печора,28,82.39285714285714,1040.0,28
вдхр. Исетское,1,51.0,0.0,1
р. Кошта,1,71.0,3550.0,1
р. Вятка,4,80.25,0.0,4
р. Патрушиха,57,81.19298245614036,8065.384615384615,57
р. Быстрый Танып,4,79.75,0.0,4
р. Кама,15,99.93333333333334,0.0,15
р. Вирма,4,80.75,6815.0,4
р. Ижора,1,2.0,0.0,1
оз. Глухое,1,26.0,32500.0,1
р. Черная Речка,2,34.5,5050.0,2
р. Кунара,8,64.75,5525.0,8
р. Тальтия,7,107.85714285714286,39966.66666666667,7
р. Бурец (приток р. Вятка),1,132.0,88.0,1
р. Шелонь,5,56.8,4567.466666666666,5
р. Сита,2,38.5,43450.0,2
р. Тесьма,1,100.0,0.0,1
р. Усмань,1,0.5,0.0,1
вдхр. Троицкое,1,65.0,6500.0,1
р. Тавда,73,57.34342465753424,8435.29411764706,73
вдхр. Белоярское (р. Пышма),1,71.0,0.0,1
р. Пыж,1,50.0,0.0,1
р. Аргунь,48,54.65354166666666,13879.545454545454,48
вдхр. Камское (р. Кама),1,71.0,710.0,1
оз. Ик,4,79.0,7900.0,4
р. Шилка,5,67.0,14850.0,5
р. Чара,1,56.0,56000.0,1
р. Каменка,21,99.85749523809524,9222.507399999999,21
вдхр. Воткинское,6,170.5,0.0,6
р. Стремутка,10,123.69000000000001,156.0,10
р. Пышма,209,81.97913875598086,7897.105263157895,209
вдхр. Камское,5,103.74000000000001,5600.0,5
р. Уй,29,82.75862068965517,8850.0,29
р. Славянка,1,1.8,0.0,1
р. Ададым,2,57.0,5700.0,2
оз. Мончеозеро,3,16.0,38000.0,3
вдхр. Магнитогорское (река Урал),1,55.0,5500.0,1
вдхр. Иваньковское,5,84.97999999999999,10600.0,5
р. Тумнин,1,51.0,5100.0,1
р. Печенга,5,56.0,0.0,5
р. Айва,214,80.82383177570092,40985.71428571428,214
вдхр. Белоярское,8,155.625,0.0,8
пруд,1,185.0,123.33333333333333,1
руч. Надеждинский (приток р. Долдыкан),5,88.6,59425.0,5
р. Шолда,10,37.699999999999996,44.22222222222222,10
р. Амня,1,50.0,5000.0,1
вдхр. Новосибирское,9,75.55555555555556,27716.666666666668,9
р. Чагра,3,73.66666666666667,7366.666666666667,3
р. Петрушиха,1,71.0,7100.0,1
р. Малая Нева,1,6.0,6000.0,1
р. Каква,3,139.0,0.0,3
р. Остречина,6,74.33333333333333,7433.333333333333,6
р. Ук,33,72.87878787878788,7287.878787878788,33
руч. Южный,6,59.166666666666664,33216.666666666664,6
р. Унда,1,14.0,0.0,1
р. Артынка,18,89.62777777777778,13976.470588235294,18
р. Томь,9,87.22222222222223,8722.222222222223,9
р. Ревда,2,86.0,11600.0,2
р. Сороть,1,1.9,0.0,1
руч. Безымянный (приток р. Черная),8,42.125,36162.5,8
р. Молога,10,70.1,7010.0,10
р. Чегдомын,2,67.0,67000.0,2
вдхр. Колымское (р. Колыма),3,5.333333333333333,888.888888888889,3
р. Камчатка,7,37.9,4019.2666666666664,7
р. Вихорева,5,70.80098000000001,0.049,5
р. Крымза,1,66.0,6600.0,1
р. Левая Силинка,41,66.34146341463415,18290.243902439026,41
р. Падовка,14,81.61714285714285,3761.8148148148152,14
пр. Городецкий Шар,15,69.6,6411.111111111111,15
р. Колос-Йоки,86,55.66279069767442,9402.631578947368,86
р. Чепца,17,98.70588235294117,0.0,17
р. Ловать,3,2.6999999999999997,5000.0,3
р. Карабула,2,95.5,95500.0,2
р. Пра,1,50.0,500.0,1
р. Лоза,9,126.88888888888889,0.0,9
р. Кушва,2,54.0,5400.0,2
оз. Большое Островное,15,5.4333333333333345,3050.0,15
р. Тауй,8,61.75,59562.5,8
р. Туртас,7,106.42857142857143,10642.857142857143,7
р. Шиш,18,93.55555555555556,9355.555555555555,18
р. Северная Двина,7,13.714285714285714,0.0,7
р. Озерная,13,78.3076923076923,720.0,13
р. Конда,12,84.75,14925.0,12
руч. Варничный,64,34.453125,39.5897435897436,64
р. Детрин,2,256.0,58000.0,2
р. Ельцовка-2,2,84.5,6900.0,2
р. Рыбная,3,48.666666666666664,48666.666666666664,3
р. Тюкан,5,70.2,2700.0,5
р. Омь,200,80.04590000000002,10379.927536231884,200
р. Кневичанка,8,3.0259,5.357333333333333,8
р. Плющиха,58,87.09310344827585,12202.456140350878,58
р. Юргамыш,2,100.0,0.0,2
р. Уемлянка,1,233.0,0.0,1
р. Криуша,2,86.0,8600.0,2
вдхр. Братское (р. Ангара),1,61.0,0.0,1
р. Лысьва,3,70.33333333333333,0.0,3
р. Ляпин,1,79.0,79000.0,1
р. Ул,10,144.1,137170.0,10
р. Пивоварка,15,112.33333333333333,262.35555555555555,15
р. Туапсе,1,16773.0,0.0,1
р. Селенга,1,66.0,6600.0,1
р. Бира,5,75.6,36180.0,5
р. Воркута,11,12.636363636363637,12636.363636363636,11
р. Ия,1,61.0,0.0,1
р. Лозьва,2,57.0,0.0,2
р. Старожиловка,1,58.0,5800.0,1
р. Талок,2,201.5,201500.0,2
р. Китой,5,85.0,0.0,5
"ручей без названия, бассейн озера Пореченского",4,67.0,54.44444444444445,4
р. Тьмака,5,72.0,7200.0,5
пр. Лангепас,3,129.66666666666666,10633.333333333334,3
оз. Малые Чаны,2,1.5499999999999998,0.0,2
р. Ушаковка,1,84.0,0.0,1
р. Пельшма,103,35.67368932038834,53102.35294117647,103
р. Нама-Йоки,3,56.666666666666664,0.0,3
р. Язьва,1,82.0,0.0,1
оз. Жарылдыколь,1,6.0,0.0,1
р. Железянка,1,55.0,5500.0,1
р. Олекма,1,59.0,0.0,1
р. Хор,15,31.266666666666666,28655.55555555556,15
р. Хаукилампийоки,44,30.5,24650.0,44
р. Тобол,166,83.31927710843374,8338.961038961039,166
р. Лобва,6,75.16666666666667,7300.0,6
р. Ягорба,4,6.0,0.0,4
р. Блява,159,141.1320754716981,117811.32075471699,159
р. Камышенка,43,84.62790697674419,8328.048780487805,43
"вдхр. Северское, р. Северушка",12,764.3333333333334,275284.5833333333,12
р. Псекупс,2,3606.5,0.0,2
р. Позимь,1,100.0,0.0,1
р. Можель,7,36.142857142857146,5671.428571428572,7
р. Вязовка,6,66.83333333333333,6166.666666666667,6
прот. Кузнечиха реки Северная Двина,2,43.0,0.0,2
р. Большая Пера,2,59.0,3515.0,2
р. Жданка,3,22.933333333333334,0.0,3
р. Большой Иргиз,30,110.2,11020.0,30
р. Тура,183,50.2075956284153,7297.115384615385,183
р. Иж,2,58.0,0.0,2
р. Ельцовка-1,2,55.0,5500.0,2
"ручей, впадающий в реку Клязьму",11,95.0,0.0,2
р. Березовка (приток р. Пышма),1,98.0,0.0,1
вдхр. Нижнекамское,4,110.75,0.0,4
р. Шограш,7,42.91857142857143,49.50000000000001,7
р. Иркут,8,62.5,0.0,8
р. Псел,4,70.85,41050.0,4
р. Клязьма,3,38.0,302.0,3
р. Большой Аев,3,67.0,6700.0,3
"р. Лубья, устье",1,120.0,12000.0,1
р. Амбарная,3,100.0,0.0,3
р. Колва,8,100.93,19833.333333333332,8
оз. Бутырино,19,77.46315789473684,2950.0,19
руч. Орловский (приток р. Ай),4,205.45,0.0,4
р. Кулой,2,82.0,8200.0,2
р. Ускат,7,20.810000000000002,1893.0,7
р. Мурзинка,1,88.0,2200.0,1
р. Уса,8,501.625,19998.75,8
р. Зея,2,12.5,12500.0,2
р. Чусовая,40,76.525,10458.823529411764,40
р. Сейм,1,1.9,0.0,1
р. Днепр,24,0.6875,0.0,24
р. Мураниха,4,50.375,0.0,4
р. Лежа,2,1.6,0.0,2
ручей Безымянный,1,117.0,11700.0,1
р. Полуй,49,45.81469387755102,10902.0,49
р. Адамка,27,181.7037037037037,0.0,27
р. Северушка,189,221.87301587301587,22447.31182795699,189
р. Архара,2,71.0,1775.0,2
р. Грязнушка,1,56.0,5600.0,1
р. Увелька,4,15.6775,6000.0,4
вдхр. Верхне-Исетское,5,121.18599999999999,0.0,5
р. Амгунь,23,95.73913043478261,30911.739130434784,23
р. Синара,1,137.0,0.0,1
р. Ныда,7,54.42857142857143,5221.666666666667,7
р. Воймега,3,1.3666666666666665,0.0,3
прот. Городецкий Шар,3,78.33333333333333,7833.333333333333,3
р. Кашинка,1,76.0,76000.0,1
р. Быстрая,1,54.0,0.0,1
вдхр. Воткинское (р. Кама),1,62.0,0.0,1
пр. Амурская,1,8.0,8000.0,1
р. Лая,30,71.8,53380.0,30
р. Миасс,25,87.49600000000001,4850.0,25
р. Уфа,23,92.2813043478261,5800.0,23
р. Щучья,7,58.57142857142857,7500.0,7
р. Камбилеевка,14,42.857142857142854,64000.0,14
р. Салда,86,119.5636046511628,72534.14634146342,86
пруд Новый Байкал,1,61.0,6100.0,1
р. Ишим,9,52.77777777777778,6100.0,9
р. Валава,4,40.2325,0.0,4
р. Углегорка,1,58.0,580.0,1
р. Лена,2,58.0,0.0,2
р. Магаданка,1,526.0,0.0,1
руч. Капральев,5,2.26,0.0,5
р. Косьва,55,80.52727272727273,15649.423076923076,55
р. Исеть,355,93.2221875,8564.96,352
р. Ингода,1,55.0,2750.0,1
р. Кия,12,52.833333333333336,41316.66666666667,12
р. Городецкий Шар,2,113.0,11300.0,2
вдхр. Нижнетуринское (р. Тура),2,95.0,0.0,2
р. Чапаевка,93,24.34861111111111,8314.285714285714,72
р. Светлая,2,134.0,1340.0,2
р. Седанка,1,30.0,0.0,1
р. Малая Бира,1,68.0,6800.0,1
вдхр. Волчихинское,9,64.44444444444444,6444.444444444444,9
р. Большая Воровская,4,58.0,10000.0,4
р. Чита,1,76.0,3800.0,1
р. Ивдель,1,112.0,112000.0,1
р. Исток,4,3848.75,1122312.5,4
р. Сосьва,5,79.0,92000.0,5
р. Сура,1,0.75,0.0,1
вдхр. Ветлянское,2,88.5,8850.0,2
р. Большой Рефт,1,129.0,6450.0,1
р. Енисей,3,143.66666666666666,16550.0,3
р. Пяку-Пур,29,71.86206896551724,10612.413793103447,29
р. Полуденка (приток р. Рефт),4,67.0,55525.0,4
р. Пим,2,70.0,7000.0,2
р. Лихоборка,8,1063.625,125153.33333333333,8
р. Вишера,5,84.0,0.0,5
р. Островная,18,127.21666666666667,2308.6,18
р. Пахотка,54,103.53703703703704,4675.0,54
р. Сибирка,11,86.81818181818181,8681.818181818182,11
р. Тагил,49,84.3061224489796,8483.720930232557,49
р. Ульдза-Гол,2,38.5,0.0,2
оз. Б.Вудъявр,2,9.73,0.0,2
р. Многа,1,57.0,38.0,1
р. Сысола,9,942.4444444444445,628.2962962962962,9
р. Амур,13,37.46153846153846,5370.0,13
р. Тартас,9,357.1111111111111,7361.111111111111,9
Губа Тазовская,6,117.33333333333333,11733.333333333334,6
р. Мышега,27,40.22222222222222,4050.0,27
р. Гдовка,6,0.7999999999999999,0.0,6
р. Кересть,1,75.0,7500.0,1
р. Луга,1,5.0,5000.0,1
р. Малый Бачат,16,71.875,7187.5,16
р. Северная Вильва,128,236.42578125,14448.1640625,128
р. Тула,62,77.04838709677419,7663.934426229508,62
р. Правая Хетта,42,78.46523809523809,6193.75,42
ручей без названия,73,24.87232876712329,933.2500000000001,73
р. Травяная,14,190.35714285714286,179300.0,14
р. Нейва,94,76.56170212765957,7893.023255813953,94
р. Красносельская,4,67.25,3625.0,4
р. Большая Вязовка,2,333.0,33300.0,2
р. Волга,28,36.535714285714285,5000.0,28
р. Ельцовка 2,17,60.88235294117647,5933.333333333333,17
р. Сосновка,16,80.4375,65.1111111111111,16
р. Силинка,72,67.11111111111111,29260.0,72
р. Нимелен,20,91.0,31744.0,20
р. Вагран,1,68.0,0.0,1
р. Ижма,1,82.0,0.0,1
руч. Гагаринский (приток р. Новая Преголя),4,32.575,42.33333333333333,4
р. Ока,29,69.24137931034483,0.0,29
р. Волковка,1,0.58,0.0,1
р. Хейги-Яха,4,78.0,7800.0,4
р. Раздольная,7,108.0,2700.0,7
р. Терек,4,0.58,0.0,4
р. Березовая,37,26.980513513513515,7267.333333333332,37
р. Ухта,6,66.0,85000.0,6
вдхр. Зейское,1,8.0,8000.0,1
вдхр. Курганское,38,92.8157894736842,9386.486486486487,38
р. Лопатинка,1,64.0,640.0,1
р. Тазовская Губа,1,154.0,15400.0,1
р. Дубна,20,0.5085,0.0,20
оз. Имандра,33,12.809090909090909,10954.545454545454,33
р. Мундыр,4,72.0,31275.0,4
р. Паужетка,27,79.14814814814815,742.3076923076923,27
р. Крома,1,0.18,0.0,1
р. Нива,1,5.8,0.0,1
р. Арсеньевка,1,0.5,0.0,1
р. Решетка,1,64.0,6400.0,1
р. Подхоренок,13,47.38461538461539,29761.53846153846,13
оз. Пясино,1,100.0,0.0,1
р. Иртыш,31,62.41935483870967,7100.0,31
р. Тенке,5,146.2,80500.0,5
р. Кизел,147,1704.6190476190477,81000.68027210885,147
р. Увелка,10,16.83259,1608.7836000000002,10
р. Ельцовка 1,43,64.97325581395349,6497.325581395349,43
р. Илеть,1,53.0,0.0,1
р. Оротукан,22,133.22727272727272,6706.666666666666,22
р. Ница,35,77.72857142857143,5000.0,35
р. Демьянка,17,95.76470588235294,9437.5,17
р. Аткара,1,52.0,520.0,1
"р. Аргунь, протока Прорва",2,155.5,15550.0,2
р. Кая,2,57.5,0.0,2
р. Теча,52,108.85230769230769,13111.42857142857,52
р. Сереж,1,58.0,58000.0,1
руч. Каменец,2,99.5,105.33333333333333,2
оз. Среднее Куйто,1,200.0,0.0,1
пруд Большой,3,249.66666666666666,156666.66666666666,3
р. Зай,1,40.0,0.0,1
р. Охта,23,39.04521739130435,5900.0,23
р. Карасук,7,94.28571428571429,17014.285714285714,7
р. Аремзянка,14,67.85714285714286,6785.714285714285,14
р. Гусь,2,2.0,0.0,2
р. Вязовка (приток р. Тагил),1,51.0,5100.0,1
р. Обь,140,42.35621428571429,15667.64705882353,140
р. Нара,1,12.0,240.0,1
р. Тальтия (приток р. Ивдель),4,84.5,17093.75,4
р. Вычегда,13,130.51615384615386,14967.555555555555,13
оз. Ловозеро,1,8.0,8000.0,1
р. Березовка (приток р.Пышма),4,80.5,70500.0,4
р. Ирбит,18,76.38333333333334,7069.2307692307695,18
р. Печегда,1,100.0,0.0,1
р. Иска,15,225.8,25760.0,15
р. Бирюса,1,85.0,85000.0,1
р. Хасын,2,762.0,0.0,2
р. Бердь,3,61.333333333333336,15900.0,3
р. Кедровка,6,206.66666666666666,2134.0,6
р. Пьяна,2,62.0,0.0,2
р. Каймашинка,5,93.8,0.0,5
р. Сыня,1,135.0,13500.0,1
р. Лютога,2,79.5,795.0,2
р. Сундовик,5,82.6,0.0,5
р. Багаряк,1,64.0,640.0,1
р. Казым,3,72.66666666666667,7266.666666666667,3
