indicator,year,month,avg_concentration
АСПАВ,2009,2,22.0
АСПАВ,2009,6,21.0
АСПАВ,2009,8,40.0
АСПАВ,2009,11,11.0
АСПАВ,2010,2,25.0
АСПАВ,2010,5,14.0
АСПАВ,2010,11,16.0
АСПАВ,2011,2,25.0
АСПАВ,2011,4,12.0
АСПАВ,2011,8,13.0
АСПАВ,2012,2,17.3
АСПАВ,2012,11,13.0
АСПАВ,2013,6,17.0
АСПАВ,2013,8,20.0
АСПАВ,2014,10,12.0
АСПАВ,2015,6,2.0
АСПАВ,2016,9,10.0
АСПАВ,2018,9,13.0
АСПАВ,2018,11,17.0
АСПАВ,2021,2,15.0
АСПАВ,2021,4,26.0
Алюминий,2008,4,18.5
Алюминий,2008,5,15.0
Алюминий,2008,7,13.5
Алюминий,2009,4,19.5
Алюминий,2009,5,10.5
Алюминий,2009,6,16.5
Алюминий,2009,7,11.5
Алюминий,2009,11,14.5
Алюминий,2009,12,17.0
Алюминий,2010,2,10.0
Алюминий,2010,4,30.5
Алюминий,2010,5,14.0
Алюминий,2010,6,11.0
Алюминий,2010,8,12.0
Алюминий,2010,11,18.0
Алюминий,2010,12,18.0
Алюминий,2011,4,12.5
Алюминий,2011,5,48.0
Алюминий,2011,7,23.0
Алюминий,2011,8,19.0
Алюминий,2012,4,22.0
Алюминий,2012,5,12.5
Алюминий,2012,6,11.0
Алюминий,2012,7,10.0
Алюминий,2012,8,10.333333333333334
Алюминий,2012,12,10.0
Алюминий,2013,4,14.0
Алюминий,2013,5,13.5
Алюминий,2013,6,22.0
Алюминий,2013,8,13.0
Алюминий,2013,12,13.0
Алюминий,2014,4,19.5
Алюминий,2014,5,15.0
Алюминий,2014,9,19.0
Алюминий,2014,10,23.5
Алюминий,2014,11,18.5
Алюминий,2014,12,20.0
Алюминий,2015,2,23.0
Алюминий,2015,3,10.0
Алюминий,2015,4,11.0
Алюминий,2015,5,29.5
Алюминий,2015,6,18.714285714285715
Алюминий,2015,7,14.5
Алюминий,2015,8,25.166666666666668
Алюминий,2015,9,14.8
Алюминий,2015,10,15.0
Алюминий,2015,11,24.333333333333332
Алюминий,2015,12,16.0
Алюминий,2016,2,35.0
Алюминий,2016,3,25.0
Алюминий,2016,4,17.666666666666668
Алюминий,2016,5,34.0
Алюминий,2016,6,38.0
Алюминий,2016,7,25.0
Алюминий,2016,8,32.0
Алюминий,2016,9,20.25
Алюминий,2016,10,20.5
Алюминий,2016,11,28.5
Алюминий,2017,2,35.0
Алюминий,2017,4,23.0
Алюминий,2017,5,16.4
Алюминий,2017,6,17.0
Алюминий,2017,7,22.666666666666668
Алюминий,2017,8,30.0
Алюминий,2017,9,15.0
Алюминий,2017,10,19.0
Алюминий,2017,11,18.5
Алюминий,2018,4,33.0
Алюминий,2018,5,27.5
Алюминий,2018,6,18.0
Алюминий,2018,7,15.0
Алюминий,2018,8,23.333333333333332
Алюминий,2018,9,21.5
Алюминий,2018,11,13.333333333333334
Алюминий,2018,12,46.0
Алюминий,2019,2,19.0
Алюминий,2019,4,21.666666666666668
Алюминий,2019,5,21.0
Алюминий,2019,6,14.875
Алюминий,2019,7,13.5
Алюминий,2019,8,19.0
Алюминий,2019,9,12.333333333333334
Алюминий,2019,10,30.0
Алюминий,2019,11,15.8
Алюминий,2019,12,32.0
Алюминий,2020,3,10.5
Алюминий,2020,4,25.666666666666668
Алюминий,2020,5,20.5
Алюминий,2020,7,17.333333333333332
Алюминий,2020,8,14.5
Алюминий,2020,9,17.5
Алюминий,2020,10,18.0
Алюминий,2020,11,13.666666666666666
Алюминий,2020,12,27.333333333333332
Алюминий,2021,1,27.5
Алюминий,2021,3,15.0
Алюминий,2021,4,17.666666666666668
Алюминий,2021,5,28.0
Алюминий,2021,6,31.75
Алюминий,2021,7,11.5
Аммоний-ион,2008,1,17.77777777777778
Аммоний-ион,2008,2,15.85
Аммоний-ион,2008,3,16.77777777777778
Аммоний-ион,2008,4,24.0
Аммоний-ион,2008,5,30.6
Аммоний-ион,2008,6,18.666666666666668
Аммоний-ион,2008,7,17.333333333333332
Аммоний-ион,2008,8,11.0
Аммоний-ион,2008,9,20.666666666666668
Аммоний-ион,2008,10,15.333333333333334
Аммоний-ион,2008,11,14.128
Аммоний-ион,2008,12,16.333333333333332
Аммоний-ион,2009,1,14.833333333333334
Аммоний-ион,2009,2,17.285714285714285
Аммоний-ион,2009,3,14.2
Аммоний-ион,2009,4,16.25
Аммоний-ион,2009,5,28.5
Аммоний-ион,2009,6,19.333333333333332
Аммоний-ион,2009,7,20.666666666666668
Аммоний-ион,2009,8,13.0
Аммоний-ион,2009,9,13.0
Аммоний-ион,2009,10,12.5
Аммоний-ион,2009,11,16.0
Аммоний-ион,2009,12,13.0
Аммоний-ион,2010,1,14.875
Аммоний-ион,2010,2,21.0
Аммоний-ион,2010,3,13.580000000000002
Аммоний-ион,2010,4,15.5
Аммоний-ион,2010,5,15.5
Аммоний-ион,2010,6,19.391666666666666
Аммоний-ион,2010,7,24.55
Аммоний-ион,2010,8,21.75
Аммоний-ион,2010,9,26.75
Аммоний-ион,2010,10,17.5
Аммоний-ион,2010,11,19.4
Аммоний-ион,2010,12,11.0
Аммоний-ион,2011,1,15.8
Аммоний-ион,2011,2,23.7
Аммоний-ион,2011,3,16.583333333333332
Аммоний-ион,2011,4,16.0
Аммоний-ион,2011,5,25.0
Аммоний-ион,2011,6,22.0
Аммоний-ион,2011,7,16.375
Аммоний-ион,2011,8,20.714285714285715
Аммоний-ион,2011,9,13.571428571428571
Аммоний-ион,2011,10,14.0
Аммоний-ион,2011,11,22.375
Аммоний-ион,2011,12,13.666666666666666
Аммоний-ион,2012,1,17.4
Аммоний-ион,2012,2,20.886363636363637
Аммоний-ион,2012,3,22.09090909090909
Аммоний-ион,2012,4,17.555555555555557
Аммоний-ион,2012,5,12.5
Аммоний-ион,2012,6,30.5
Аммоний-ион,2012,7,20.0
Аммоний-ион,2012,8,18.75
Аммоний-ион,2012,9,23.4
Аммоний-ион,2012,10,31.0
Аммоний-ион,2012,11,24.333333333333332
Аммоний-ион,2012,12,29.0
Аммоний-ион,2013,1,22.4
Аммоний-ион,2013,2,21.0
Аммоний-ион,2013,3,26.75
Аммоний-ион,2013,4,16.714285714285715
Аммоний-ион,2013,5,21.75
Аммоний-ион,2013,6,22.666666666666668
Аммоний-ион,2013,7,21.22222222222222
Аммоний-ион,2013,8,32.5
Аммоний-ион,2013,9,35.0
Аммоний-ион,2013,10,32.0
Аммоний-ион,2013,11,36.5
Аммоний-ион,2013,12,16.666666666666668
Аммоний-ион,2014,1,21.333333333333332
Аммоний-ион,2014,2,22.714285714285715
Аммоний-ион,2014,3,22.666666666666668
Аммоний-ион,2014,4,29.0
Аммоний-ион,2014,5,26.4
Аммоний-ион,2014,6,21.333333333333332
Аммоний-ион,2014,7,28.0
Аммоний-ион,2014,8,21.0
Аммоний-ион,2014,9,30.375
Аммоний-ион,2014,10,27.166666666666668
Аммоний-ион,2014,11,24.875
Аммоний-ион,2014,12,33.375
Аммоний-ион,2015,1,26.714285714285715
Аммоний-ион,2015,2,18.31923076923077
Аммоний-ион,2015,3,21.181818181818183
Аммоний-ион,2015,4,26.0
Аммоний-ион,2015,5,23.25
Аммоний-ион,2015,6,16.5
Аммоний-ион,2015,7,14.25
Аммоний-ион,2015,8,21.666666666666668
Аммоний-ион,2015,9,25.0
Аммоний-ион,2015,10,20.5
Аммоний-ион,2015,11,30.857142857142858
Аммоний-ион,2015,12,19.4
Аммоний-ион,2016,1,27.833333333333332
Аммоний-ион,2016,2,24.77777777777778
Аммоний-ион,2016,3,18.857142857142858
Аммоний-ион,2016,4,17.0
Аммоний-ион,2016,5,26.0
Аммоний-ион,2016,6,25.6
Аммоний-ион,2016,7,27.2
Аммоний-ион,2016,8,20.75
Аммоний-ион,2016,9,15.0
Аммоний-ион,2016,10,17.555555555555557
Аммоний-ион,2016,11,21.833333333333332
Аммоний-ион,2016,12,21.833333333333332
Аммоний-ион,2017,1,20.857142857142858
Аммоний-ион,2017,2,25.428571428571427
Аммоний-ион,2017,3,19.5
Аммоний-ион,2017,4,18.0
Аммоний-ион,2017,5,18.666666666666668
Аммоний-ион,2017,6,20.0
Аммоний-ион,2017,7,21.25
Аммоний-ион,2017,8,18.142857142857142
Аммоний-ион,2017,9,27.0
Аммоний-ион,2017,10,16.25
Аммоний-ион,2017,11,29.8
Аммоний-ион,2017,12,21.0
Аммоний-ион,2018,1,18.666666666666668
Аммоний-ион,2018,2,22.857142857142858
Аммоний-ион,2018,3,19.333333333333332
Аммоний-ион,2018,4,15.0
Аммоний-ион,2018,5,15.333333333333334
Аммоний-ион,2018,6,15.25
Аммоний-ион,2018,7,11.5
Аммоний-ион,2018,8,20.0
Аммоний-ион,2018,9,22.25
Аммоний-ион,2018,10,22.0
Аммоний-ион,2018,11,28.2
Аммоний-ион,2018,12,21.5
Аммоний-ион,2019,1,21.0
Аммоний-ион,2019,2,17.75
Аммоний-ион,2019,3,23.4
Аммоний-ион,2019,4,12.8
Аммоний-ион,2019,5,19.75
Аммоний-ион,2019,6,21.333333333333332
Аммоний-ион,2019,7,17.166666666666668
Аммоний-ион,2019,8,22.0
Аммоний-ион,2019,9,16.666666666666668
Аммоний-ион,2019,10,23.0
Аммоний-ион,2019,11,29.333333333333332
Аммоний-ион,2019,12,13.0
Аммоний-ион,2020,1,23.333333333333332
Аммоний-ион,2020,2,18.4
Аммоний-ион,2020,3,17.5
Аммоний-ион,2020,4,18.0
Аммоний-ион,2020,5,16.5
Аммоний-ион,2020,6,18.75
Аммоний-ион,2020,7,20.5
Аммоний-ион,2020,8,16.666666666666668
Аммоний-ион,2020,9,24.5
Аммоний-ион,2020,10,19.166666666666668
Аммоний-ион,2020,11,26.0
Аммоний-ион,2020,12,16.333333333333332
Аммоний-ион,2021,1,36.0
Аммоний-ион,2021,2,22.0
Аммоний-ион,2021,3,22.666666666666668
Аммоний-ион,2021,4,23.833333333333332
Аммоний-ион,2021,5,19.75
Аммоний-ион,2021,6,13.833333333333334
Аммоний-ион,2021,7,22.125
Аммоний-ион,2021,8,19.0
БПК5,2008,1,16.0
БПК5,2008,2,17.8
БПК5,2008,3,11.5
БПК5,2008,4,7.333333333333333
БПК5,2008,5,9.833333333333334
БПК5,2008,6,14.666666666666666
БПК5,2008,7,18.0
БПК5,2008,8,6.0
БПК5,2008,9,9.333333333333334
БПК5,2008,10,10.5
БПК5,2008,11,25.450000000000003
БПК5,2008,12,12.0
БПК5,2009,2,13.5
БПК5,2009,3,8.8
БПК5,2009,4,9.5
БПК5,2009,5,8.833333333333334
БПК5,2009,6,12.0
БПК5,2009,7,14.8
БПК5,2009,8,13.5
БПК5,2009,9,11.25
БПК5,2009,10,12.8
БПК5,2009,11,13.5
БПК5,2009,12,20.0
БПК5,2010,1,12.0
БПК5,2010,2,11.5
БПК5,2010,3,6.8
БПК5,2010,4,8.0
БПК5,2010,5,8.5
БПК5,2010,6,17.5
БПК5,2010,7,23.93
БПК5,2010,8,16.996000000000002
БПК5,2010,9,9.0
БПК5,2010,10,11.333333333333334
БПК5,2010,11,6.5
БПК5,2010,12,14.75
БПК5,2011,1,10.75
БПК5,2011,2,12.8
БПК5,2011,3,13.4
БПК5,2011,4,8.2
БПК5,2011,5,10.4
БПК5,2011,6,12.5
БПК5,2011,7,7.75
БПК5,2011,8,9.0
БПК5,2011,9,13.25
БПК5,2011,10,8.2
БПК5,2011,11,8.666666666666666
БПК5,2011,12,10.25
БПК5,2012,1,9.333333333333334
БПК5,2012,2,9.0
БПК5,2012,3,12.5
БПК5,2012,4,9.0
БПК5,2012,5,11.75
БПК5,2012,6,8.666666666666666
БПК5,2012,7,8.833333333333334
БПК5,2012,8,10.6
БПК5,2012,9,7.666666666666667
БПК5,2012,10,9.0
БПК5,2012,11,9.25
БПК5,2012,12,8.5
БПК5,2013,1,10.666666666666666
БПК5,2013,2,10.666666666666666
БПК5,2013,3,12.25
БПК5,2013,4,7.75
БПК5,2013,5,12.0
БПК5,2013,6,12.714285714285714
БПК5,2013,7,12.2
БПК5,2013,8,10.0
БПК5,2013,9,13.333333333333334
БПК5,2013,10,9.0
БПК5,2013,11,14.666666666666666
БПК5,2014,1,9.0
БПК5,2014,2,8.25
БПК5,2014,3,10.0
БПК5,2014,4,11.333333333333334
БПК5,2014,5,8.5
БПК5,2014,6,9.666666666666666
БПК5,2014,7,13.166666666666666
БПК5,2014,8,11.4
БПК5,2014,9,13.0
БПК5,2014,10,18.666666666666668
БПК5,2014,11,16.2
БПК5,2014,12,13.333333333333334
БПК5,2015,1,10.333333333333334
БПК5,2015,2,10.5
БПК5,2015,3,12.2
БПК5,2015,4,12.0
БПК5,2015,5,10.25
БПК5,2015,6,10.666666666666666
БПК5,2015,7,12.5
БПК5,2015,8,11.0
БПК5,2015,9,9.25
БПК5,2015,10,18.0
БПК5,2015,11,13.166666666666666
БПК5,2015,12,12.5
БПК5,2016,1,8.0
БПК5,2016,2,11.5
БПК5,2016,3,12.5
БПК5,2016,4,12.0
БПК5,2016,5,13.6
БПК5,2016,6,8.0
БПК5,2016,7,7.166666666666667
БПК5,2016,8,9.4
БПК5,2016,9,11.333333333333334
БПК5,2016,10,6.0
БПК5,2016,11,9.333333333333334
БПК5,2016,12,13.0
БПК5,2017,1,10.0
БПК5,2017,2,8.571428571428571
БПК5,2017,3,12.25
БПК5,2017,4,10.0
БПК5,2017,5,12.714285714285714
БПК5,2017,6,8.666666666666666
БПК5,2017,7,7.571428571428571
БПК5,2017,8,9.428571428571429
БПК5,2017,9,8.5
БПК5,2017,10,7.2
БПК5,2017,11,11.25
БПК5,2017,12,13.2
БПК5,2018,1,7.0
БПК5,2018,2,11.333333333333334
БПК5,2018,3,12.0
БПК5,2018,4,9.2
БПК5,2018,5,8.0
БПК5,2018,6,10.6
БПК5,2018,7,12.428571428571429
БПК5,2018,8,11.166666666666666
БПК5,2018,9,13.75
БПК5,2018,10,10.0
БПК5,2018,11,16.0
БПК5,2018,12,14.8
БПК5,2019,1,14.0
БПК5,2019,2,12.2
БПК5,2019,3,10.875
БПК5,2019,4,8.75
БПК5,2019,5,11.571428571428571
БПК5,2019,6,11.0
БПК5,2019,7,11.571428571428571
БПК5,2019,8,11.0
БПК5,2019,9,11.428571428571429
БПК5,2019,10,9.6
БПК5,2019,11,13.666666666666666
БПК5,2019,12,11.0
БПК5,2020,1,8.666666666666666
БПК5,2020,2,10.4
БПК5,2020,3,23.400000000000002
БПК5,2020,4,18.67777777777778
БПК5,2020,5,13.833333333333334
БПК5,2020,6,10.0
БПК5,2020,7,12.666666666666666
БПК5,2020,8,13.6
БПК5,2020,9,14.0
БПК5,2020,10,15.4
БПК5,2020,11,13.666666666666666
БПК5,2020,12,15.0
БПК5,2021,1,14.166666666666666
БПК5,2021,2,13.8
БПК5,2021,3,13.166666666666666
БПК5,2021,4,13.6
БПК5,2021,5,10.833333333333334
БПК5,2021,6,10.125
БПК5,2021,7,10.1
БПК5,2021,8,11.916666666666666
Бенз(а)пирен,2020,1,4.0
Бенз(а)пирен,2020,4,4.9
Бенз(а)пирен,2020,5,4.0
Бенз(а)пирен,2020,6,3.0
Бенз(а)пирен,2020,10,4.0
Бенз(а)пирен,2020,12,4.0
Бенз(а)пирен,2021,1,4.0
Бенз(а)пирен,2021,2,4.0
Бенз(а)пирен,2021,4,4.0
Бенз(а)пирен,2021,5,4.0
Бенз(а)пирен,2021,7,4.0
Бор,2019,2,11.0
Взвешенные вещества,2008,1,23.714285714285715
Взвешенные вещества,2008,2,38.0
Взвешенные вещества,2008,3,25.5
Взвешенные вещества,2008,4,37.21666666666667
Взвешенные вещества,2008,5,32.45454545454545
Взвешенные вещества,2008,6,36.81625
Взвешенные вещества,2008,7,31.9
Взвешенные вещества,2008,8,30.0
Взвешенные вещества,2008,9,22.571428571428573
Взвешенные вещества,2008,10,18.22222222222222
Взвешенные вещества,2008,11,24.285714285714285
Взвешенные вещества,2008,12,25.125
Взвешенные вещества,2009,1,23.833333333333332
Взвешенные вещества,2009,2,25.75
Взвешенные вещества,2009,3,24.9
Взвешенные вещества,2009,4,32.5
Взвешенные вещества,2009,5,38.27272727272727
Взвешенные вещества,2009,6,34.2
Взвешенные вещества,2009,7,34.285714285714285
Взвешенные вещества,2009,8,22.5
Взвешенные вещества,2009,9,29.0
Взвешенные вещества,2009,10,24.0
Взвешенные вещества,2009,11,24.428571428571427
Взвешенные вещества,2009,12,23.857142857142858
Взвешенные вещества,2010,1,23.857142857142858
Взвешенные вещества,2010,2,31.25
Взвешенные вещества,2010,3,27.9
Взвешенные вещества,2010,4,33.0
Взвешенные вещества,2010,5,29.5
Взвешенные вещества,2010,6,24.9725
Взвешенные вещества,2010,7,23.40545454545455
Взвешенные вещества,2010,8,23.666666666666668
Взвешенные вещества,2010,9,25.083333333333332
Взвешенные вещества,2010,10,28.1
Взвешенные вещества,2010,11,24.363636363636363
Взвешенные вещества,2010,12,23.818181818181817
Взвешенные вещества,2011,1,25.25
Взвешенные вещества,2011,2,25.125
Взвешенные вещества,2011,3,28.1
Взвешенные вещества,2011,4,70.07692307692308
Взвешенные вещества,2011,5,1207.111111111111
Взвешенные вещества,2011,6,26.272727272727273
Взвешенные вещества,2011,7,28.923076923076923
Взвешенные вещества,2011,8,27.25
Взвешенные вещества,2011,9,27.9
Взвешенные вещества,2011,10,24.09090909090909
Взвешенные вещества,2011,11,26.727272727272727
Взвешенные вещества,2011,12,26.875
Взвешенные вещества,2012,1,19.666666666666668
Взвешенные вещества,2012,2,21.5
Взвешенные вещества,2012,3,20.5
Взвешенные вещества,2012,4,34.42857142857143
Взвешенные вещества,2012,5,30.066666666666666
Взвешенные вещества,2012,6,27.214285714285715
Взвешенные вещества,2012,7,28.0
Взвешенные вещества,2012,8,25.583333333333332
Взвешенные вещества,2012,9,25.642857142857142
Взвешенные вещества,2012,10,28.076923076923077
Взвешенные вещества,2012,11,28.5
Взвешенные вещества,2012,12,27.076923076923077
Взвешенные вещества,2013,1,26.375
Взвешенные вещества,2013,2,19.5
Взвешенные вещества,2013,3,27.571428571428573
Взвешенные вещества,2013,4,33.13333333333333
Взвешенные вещества,2013,5,29.8125
Взвешенные вещества,2013,6,27.066666666666666
Взвешенные вещества,2013,7,25.25
Взвешенные вещества,2013,8,29.727272727272727
Взвешенные вещества,2013,9,26.0
Взвешенные вещества,2013,10,21.25
Взвешенные вещества,2013,11,18.785714285714285
Взвешенные вещества,2013,12,23.666666666666668
Взвешенные вещества,2014,1,20.363636363636363
Взвешенные вещества,2014,2,20.9
Взвешенные вещества,2014,3,22.5
Взвешенные вещества,2014,4,30.076923076923077
Взвешенные вещества,2014,5,30.625
Взвешенные вещества,2014,6,30.076923076923077
Взвешенные вещества,2014,7,24.833333333333332
Взвешенные вещества,2014,8,20.818181818181817
Взвешенные вещества,2014,9,21.0625
Взвешенные вещества,2014,10,22.416666666666668
Взвешенные вещества,2014,11,20.727272727272727
Взвешенные вещества,2014,12,28.25
Взвешенные вещества,2015,1,25.428571428571427
Взвешенные вещества,2015,2,26.25
Взвешенные вещества,2015,3,26.0
Взвешенные вещества,2015,4,29.7
Взвешенные вещества,2015,5,28.647058823529413
Взвешенные вещества,2015,6,31.7
Взвешенные вещества,2015,7,25.4375
Взвешенные вещества,2015,8,22.533333333333335
Взвешенные вещества,2015,9,25.125
Взвешенные вещества,2015,10,22.384615384615383
Взвешенные вещества,2015,11,22.727272727272727
Взвешенные вещества,2015,12,20.666666666666668
Взвешенные вещества,2016,1,24.0
Взвешенные вещества,2016,2,17.2
Взвешенные вещества,2016,3,26.928571428571427
Взвешенные вещества,2016,4,27.285714285714285
Взвешенные вещества,2016,5,27.57894736842105
Взвешенные вещества,2016,6,27.23076923076923
Взвешенные вещества,2016,7,23.529411764705884
Взвешенные вещества,2016,8,22.933333333333334
Взвешенные вещества,2016,9,22.363636363636363
Взвешенные вещества,2016,10,22.076923076923077
Взвешенные вещества,2016,11,17.9
Взвешенные вещества,2016,12,27.6
Взвешенные вещества,2017,1,25.857142857142858
Взвешенные вещества,2017,2,21.6
Взвешенные вещества,2017,3,25.75
Взвешенные вещества,2017,4,31.727272727272727
Взвешенные вещества,2017,5,29.58823529411765
Взвешенные вещества,2017,6,28.5
Взвешенные вещества,2017,7,27.8
Взвешенные вещества,2017,8,25.692307692307693
Взвешенные вещества,2017,9,24.692307692307693
Взвешенные вещества,2017,10,23.9
Взвешенные вещества,2017,11,20.0
Взвешенные вещества,2017,12,33.166666666666664
Взвешенные вещества,2018,1,24.875
Взвешенные вещества,2018,2,22.285714285714285
Взвешенные вещества,2018,3,21.0
Взвешенные вещества,2018,4,30.333333333333332
Взвешенные вещества,2018,5,25.166666666666668
Взвешенные вещества,2018,6,25.6
Взвешенные вещества,2018,7,31.153846153846153
Взвешенные вещества,2018,8,23.083333333333332
Взвешенные вещества,2018,9,25.1
Взвешенные вещества,2018,10,24.0
Взвешенные вещества,2018,11,23.88888888888889
Взвешенные вещества,2018,12,27.4
Взвешенные вещества,2019,1,16.857142857142858
Взвешенные вещества,2019,2,26.166666666666668
Взвешенные вещества,2019,3,21.0
Взвешенные вещества,2019,4,27.307692307692307
Взвешенные вещества,2019,5,30.176470588235293
Взвешенные вещества,2019,6,46.766666666666666
Взвешенные вещества,2019,7,25.0625
Взвешенные вещества,2019,8,22.75
Взвешенные вещества,2019,9,22.90909090909091
Взвешенные вещества,2019,10,18.7
Взвешенные вещества,2019,11,26.0
Взвешенные вещества,2019,12,26.5
Взвешенные вещества,2020,1,16.818181818181817
Взвешенные вещества,2020,2,23.666666666666668
Взвешенные вещества,2020,3,25.25
Взвешенные вещества,2020,4,28.6875
Взвешенные вещества,2020,5,100.25
Взвешенные вещества,2020,6,29.166666666666668
Взвешенные вещества,2020,7,31.714285714285715
Взвешенные вещества,2020,8,35.214285714285715
Взвешенные вещества,2020,9,21.363636363636363
Взвешенные вещества,2020,10,25.272727272727273
Взвешенные вещества,2020,11,21.636363636363637
Взвешенные вещества,2020,12,28.555555555555557
Взвешенные вещества,2021,1,26.0
Взвешенные вещества,2021,2,20.75
Взвешенные вещества,2021,3,19.0
Взвешенные вещества,2021,4,26.857142857142858
Взвешенные вещества,2021,5,33.45454545454545
Взвешенные вещества,2021,6,72.8
Водородный показатель (pH),2008,3,6.875
Водородный показатель (pH),2008,5,4.36
Водородный показатель (pH),2009,2,4.76
Водородный показатель (pH),2009,3,7.209999999999999
Водородный показатель (pH),2009,4,9.7
Водородный показатель (pH),2009,5,4.48
Водородный показатель (pH),2009,7,9.6
Водородный показатель (pH),2009,10,4.48
Водородный показатель (pH),2011,1,9.6
Водородный показатель (pH),2011,3,9.56
Водородный показатель (pH),2011,4,4.7
Водородный показатель (pH),2011,7,4.02
Водородный показатель (pH),2012,8,9.54
Водородный показатель (pH),2013,3,4.0
Водородный показатель (pH),2014,5,9.6
Водородный показатель (pH),2015,4,9.6
Водородный показатель (pH),2015,5,4.2
Водородный показатель (pH),2016,1,9.7
Водородный показатель (pH),2016,4,9.7
Водородный показатель (pH),2017,3,4.5
Водородный показатель (pH),2017,4,9.6
Водородный показатель (pH),2018,5,9.7
Водородный показатель (pH),2019,2,9.7
Водородный показатель (pH),2019,4,4.8
Водородный показатель (pH),2019,5,4.8
Водородный показатель (pH),2019,10,4.8
Водородный показатель (pH),2020,3,9.6
Водородный показатель (pH),2020,6,9.6
Водородный показатель (pH),2020,9,4.7
Водородный показатель (pH),2021,3,4.05
Водородный показатель (pH),2021,4,4.78
Водородный показатель (pH),2021,5,4.5
ГХЦГ,2008,5,3.0
ГХЦГ,2008,6,5.0
ГХЦГ,2008,7,5.0
ГХЦГ,2008,8,3.0
ГХЦГ,2008,9,4.0
ГХЦГ,2008,10,4.0
ГХЦГ,2009,1,4.0
ГХЦГ,2009,5,4.0
ГХЦГ,2009,6,5.0
ГХЦГ,2009,9,5.0
ГХЦГ,2009,10,3.0
ГХЦГ,2010,6,3.0
ГХЦГ,2010,9,3.0
ГХЦГ,2010,10,3.0
ГХЦГ,2011,3,4.0
ГХЦГ,2011,4,4.0
ГХЦГ,2011,5,4.5
ГХЦГ,2011,9,4.0
ГХЦГ,2011,10,3.0
ГХЦГ,2011,12,3.0
ГХЦГ,2012,10,4.0
ГХЦГ,2013,10,5.0
ГХЦГ,2015,7,5.0
ГХЦГ,2016,6,4.0
ГХЦГ,2017,5,4.0
ГХЦГ,2017,6,3.0
ГХЦГ,2017,8,4.0
ГХЦГ,2017,9,4.0
ГХЦГ,2017,10,4.0
ГХЦГ,2018,5,3.5
ГХЦГ,2018,8,4.0
ГХЦГ,2018,10,3.0
ГХЦГ,2019,10,4.0
ГХЦГ,2020,9,4.0
ДДТ,2014,4,3.0
ДДТ,2015,7,4.0
ДДТ,2016,10,4.0
ДДТ,2017,5,3.0
ДДТ,2017,6,4.0
ДДТ,2018,4,3.0
ДДТ,2018,7,4.0
ДДТ,2019,6,4.0
ДДТ,2019,9,4.0
ДДТ,2020,5,3.0
ДДТ,2021,4,4.0
ДДТ,2021,6,4.0
Дитиофосфат крезиловый,2011,3,30.0
Дитиофосфат крезиловый,2011,5,40.0
Дитиофосфат крезиловый,2011,6,30.0
Дитиофосфат крезиловый,2011,7,20.0
Дитиофосфат крезиловый,2011,8,20.0
Дитиофосфат крезиловый,2011,9,20.0
Дитиофосфат крезиловый,2011,10,20.0
Дитиофосфат крезиловый,2011,11,40.0
Дитиофосфат крезиловый,2011,12,40.0
Дитиофосфат крезиловый,2012,1,30.0
Дитиофосфат крезиловый,2012,2,10.0
Дитиофосфат крезиловый,2012,3,30.0
Дитиофосфат крезиловый,2012,4,10.0
Дитиофосфат крезиловый,2012,5,30.0
Дитиофосфат крезиловый,2012,7,30.0
Дитиофосфат крезиловый,2012,8,20.0
Дитиофосфат крезиловый,2012,9,40.0
Дитиофосфат крезиловый,2012,10,10.0
Дитиофосфат крезиловый,2012,11,10.0
Дитиофосфат крезиловый,2012,12,30.0
Дитиофосфат крезиловый,2013,1,30.0
Дитиофосфат крезиловый,2013,2,20.0
Дитиофосфат крезиловый,2013,3,30.0
Дитиофосфат крезиловый,2013,4,30.0
Дитиофосфат крезиловый,2013,5,30.0
Дитиофосфат крезиловый,2013,6,30.0
Дитиофосфат крезиловый,2013,7,20.0
Дитиофосфат крезиловый,2013,8,40.0
Дитиофосфат крезиловый,2013,9,20.0
Дитиофосфат крезиловый,2013,10,20.0
Дитиофосфат крезиловый,2013,11,30.0
Дитиофосфат крезиловый,2013,12,20.0
Дитиофосфат крезиловый,2014,1,23.0
Дитиофосфат крезиловый,2014,2,27.0
Дитиофосфат крезиловый,2014,3,15.0
Дитиофосфат крезиловый,2014,4,20.0
Дитиофосфат крезиловый,2014,5,22.0
Дитиофосфат крезиловый,2014,6,17.0
Дитиофосфат крезиловый,2014,7,32.0
Дитиофосфат крезиловый,2014,8,23.0
Дитиофосфат крезиловый,2014,9,23.0
Дитиофосфат крезиловый,2014,10,21.0
Дитиофосфат крезиловый,2014,11,18.0
Дитиофосфат крезиловый,2014,12,19.0
Дитиофосфат крезиловый,2015,1,29.0
Дитиофосфат крезиловый,2015,2,21.0
Дитиофосфат крезиловый,2015,3,36.0
Дитиофосфат крезиловый,2015,4,16.0
Дитиофосфат крезиловый,2015,6,21.0
Дитиофосфат крезиловый,2015,7,17.0
Дитиофосфат крезиловый,2015,8,11.0
Дитиофосфат крезиловый,2015,9,16.0
Дитиофосфат крезиловый,2015,10,14.0
Дитиофосфат крезиловый,2016,2,16.0
Дитиофосфат крезиловый,2016,4,28.0
Дитиофосфат крезиловый,2016,10,20.0
Дитиофосфат крезиловый,2017,2,17.0
Дитиофосфат крезиловый,2017,4,15.0
Дитиофосфат крезиловый,2017,5,11.0
Дитиофосфат крезиловый,2017,6,18.0
Дитиофосфат крезиловый,2017,7,12.0
Дитиофосфат крезиловый,2017,8,19.0
Дитиофосфат крезиловый,2017,9,11.0
Дитиофосфат крезиловый,2017,10,14.0
Дитиофосфат крезиловый,2018,2,14.0
Дитиофосфат крезиловый,2018,4,13.0
Дитиофосфат крезиловый,2018,5,10.0
Дитиофосфат крезиловый,2018,6,21.0
Дитиофосфат крезиловый,2018,7,23.0
Дитиофосфат крезиловый,2018,8,10.0
Дитиофосфат крезиловый,2018,9,16.0
Дитиофосфат крезиловый,2018,10,15.0
Дитиофосфат крезиловый,2019,4,12.0
Дитиофосфат крезиловый,2019,6,11.0
Дитиофосфат крезиловый,2019,7,21.0
Дитиофосфат крезиловый,2019,8,16.0
Дитиофосфат крезиловый,2019,9,33.0
Дитиофосфат крезиловый,2019,10,20.0
Дитиофосфат крезиловый,2020,4,10.0
Дитиофосфат крезиловый,2020,5,14.0
Дитиофосфат крезиловый,2020,6,13.0
Дитиофосфат крезиловый,2020,8,13.0
Дитиофосфат крезиловый,2020,9,17.0
Дитиофосфат крезиловый,2021,2,13.0
Дитиофосфат крезиловый,2021,4,14.0
Дитиофосфат крезиловый,2021,5,20.0
Дитиофосфат крезиловый,2021,7,41.0
Дитиофосфат крезиловый,2021,8,11.0
Дихлорфенол,2015,9,2.0
Железо общее,2008,1,38.0
Железо общее,2008,2,39.714285714285715
Железо общее,2008,3,33.25
Железо общее,2008,5,44.0
Железо общее,2008,6,41.0
Железо общее,2008,7,45.0
Железо общее,2008,9,36.0
Железо общее,2008,10,39.0
Железо общее,2008,12,41.5
Железо общее,2009,1,35.0
Железо общее,2009,2,38.25
Железо общее,2009,3,41.333333333333336
Железо общее,2009,4,38.333333333333336
Железо общее,2009,5,35.0
Железо общее,2009,6,39.0
Железо общее,2009,7,32.333333333333336
Железо общее,2009,8,33.333333333333336
Железо общее,2009,9,46.0
Железо общее,2009,11,30.0
Железо общее,2009,12,45.0
Железо общее,2010,2,38.2
Железо общее,2010,3,45.5
Железо общее,2010,4,40.666666666666664
Железо общее,2010,5,39.0
Железо общее,2010,6,34.5
Железо общее,2010,7,43.9
Железо общее,2010,10,32.0
Железо общее,2010,11,43.333333333333336
Железо общее,2011,1,41.0
Железо общее,2011,2,40.0
Железо общее,2011,3,41.4
Железо общее,2011,4,42.333333333333336
Железо общее,2011,5,44.0
Железо общее,2011,7,43.0
Железо общее,2011,8,37.0
Железо общее,2011,9,40.5
Железо общее,2011,10,42.5
Железо общее,2012,2,34.0
Железо общее,2012,3,42.8
Железо общее,2012,4,43.333333333333336
Железо общее,2012,5,38.0
Железо общее,2012,6,34.0
Железо общее,2012,7,38.333333333333336
Железо общее,2012,8,40.75
Железо общее,2012,10,36.0
Железо общее,2012,11,44.0
Железо общее,2013,1,42.0
Железо общее,2013,2,42.0
Железо общее,2013,3,39.0
Железо общее,2013,4,41.25
Железо общее,2013,5,38.0
Железо общее,2013,6,45.5
Железо общее,2013,7,44.75
Железо общее,2013,8,49.0
Железо общее,2013,9,41.0
Железо общее,2013,10,36.666666666666664
Железо общее,2013,11,36.0
Железо общее,2013,12,37.0
Железо общее,2014,1,45.0
Железо общее,2014,2,44.8
Железо общее,2014,3,46.0
Железо общее,2014,4,40.0
Железо общее,2014,5,40.0
Железо общее,2014,6,50.0
Железо общее,2014,7,43.666666666666664
Железо общее,2014,8,37.0
Железо общее,2014,9,40.0
Железо общее,2014,10,36.0
Железо общее,2014,11,41.5
Железо общее,2014,12,35.5
Железо общее,2015,1,37.5
Железо общее,2015,2,44.333333333333336
Железо общее,2015,3,37.0
Железо общее,2015,4,40.666666666666664
Железо общее,2015,5,49.0
Железо общее,2015,6,34.666666666666664
Железо общее,2015,7,40.5
Железо общее,2015,8,39.5
Железо общее,2015,9,45.6
Железо общее,2015,10,41.833333333333336
Железо общее,2015,11,39.0
Железо общее,2015,12,34.333333333333336
Железо общее,2016,1,36.333333333333336
Железо общее,2016,2,41.0
Железо общее,2016,3,35.666666666666664
Железо общее,2016,4,36.0
Железо общее,2016,5,35.0
Железо общее,2016,6,39.666666666666664
Железо общее,2016,7,41.0
Железо общее,2016,8,35.0
Железо общее,2016,9,38.5
Железо общее,2016,10,42.0
Железо общее,2016,11,40.666666666666664
Железо общее,2016,12,40.5
Железо общее,2017,1,43.0
Железо общее,2017,2,38.5
Железо общее,2017,3,41.5
Железо общее,2017,5,32.0
Железо общее,2017,7,40.0
Железо общее,2017,8,40.333333333333336
Железо общее,2017,9,39.0
Железо общее,2017,10,41.0
Железо общее,2018,1,33.0
Железо общее,2018,2,41.25
Железо общее,2018,3,38.2
Железо общее,2018,4,38.6
Железо общее,2018,5,41.0
Железо общее,2018,6,36.42857142857143
Железо общее,2018,7,40.25
Железо общее,2018,8,38.666666666666664
Железо общее,2018,11,32.75
Железо общее,2018,12,40.0
Железо общее,2019,1,41.0
Железо общее,2019,2,42.2
Железо общее,2019,3,40.333333333333336
Железо общее,2019,4,34.5
Железо общее,2019,5,41.25
Железо общее,2019,6,43.333333333333336
Железо общее,2019,7,36.0
Железо общее,2019,8,34.25
Железо общее,2019,10,45.0
Железо общее,2019,12,43.0
Железо общее,2020,1,41.333333333333336
Железо общее,2020,2,40.6
Железо общее,2020,3,42.0
Железо общее,2020,4,34.5
Железо общее,2020,6,48.0
Железо общее,2020,7,47.666666666666664
Железо общее,2020,8,31.0
Железо общее,2020,9,46.0
Железо общее,2020,10,37.333333333333336
Железо общее,2020,11,40.333333333333336
Железо общее,2020,12,48.0
Железо общее,2021,1,39.5
Железо общее,2021,2,39.285714285714285
Железо общее,2021,3,43.0
Железо общее,2021,4,42.285714285714285
Железо общее,2021,5,33.8
Железо общее,2021,6,42.666666666666664
Железо общее,2021,7,43.2
Железо общее,2021,8,41.5
Кадмий,2008,5,2.5
Кадмий,2008,7,5.0
Кадмий,2009,6,4.0
Кадмий,2009,7,5.0
Кадмий,2009,10,4.0
Кадмий,2010,5,3.5
Кадмий,2010,8,4.0
Кадмий,2010,10,3.0
Кадмий,2010,11,4.0
Кадмий,2011,1,4.0
Кадмий,2011,2,5.0
Кадмий,2011,3,5.0
Кадмий,2011,7,5.0
Кадмий,2011,8,4.0
Кадмий,2011,9,4.0
Кадмий,2013,7,4.5
Кадмий,2013,10,5.0
Кадмий,2014,9,4.0
Кадмий,2014,10,5.0
Кадмий,2014,11,3.5
Кадмий,2015,12,3.0
Кадмий,2016,4,3.0
Кадмий,2016,6,3.0
Кадмий,2016,7,4.0
Кадмий,2016,8,3.0
Кадмий,2016,9,4.0
Кадмий,2016,12,3.0
Кадмий,2017,12,4.0
Кадмий,2018,9,4.0
Кадмий,2018,10,3.5
Кадмий,2018,11,3.5
Кадмий,2019,1,3.0
Кадмий,2019,2,4.0
Кадмий,2019,6,3.0
Кадмий,2019,7,4.0
Кадмий,2019,10,3.0
Кадмий,2019,11,4.0
Кадмий,2019,12,3.0
Кадмий,2020,10,3.0
Кадмий,2021,3,4.0
Кадмий,2021,4,4.0
Кадмий,2021,5,4.0
Кобальт,2017,12,15.0
Кобальт,2018,3,13.0
Ксантогенат бутиловый,2008,1,37.0
Лигнин сульфатный,2008,5,16.0
Лигнин сульфатный,2009,1,19.0
Лигнин сульфатный,2009,2,14.0
Лигнин сульфатный,2010,4,11.0
Лигнин сульфатный,2010,5,16.0
Лигнин сульфатный,2010,9,12.0
Лигнин сульфатный,2011,5,13.0
Лигнин сульфатный,2012,5,13.0
Лигнин сульфатный,2013,4,11.0
Лигнин сульфатный,2013,5,25.0
Лигнин сульфатный,2013,6,14.0
Лигнин сульфатный,2013,8,13.0
Лигнин сульфатный,2013,9,11.0
Лигнин сульфатный,2013,11,16.0
Лигнин сульфатный,2013,12,11.0
Лигнин сульфатный,2014,6,14.0
Лигнин сульфатный,2014,7,11.0
Лигнин сульфатный,2014,10,14.0
Лигнин сульфатный,2014,11,16.0
Лигнин сульфатный,2014,12,11.0
Лигнин сульфатный,2015,1,16.0
Лигнин сульфатный,2015,2,14.0
Лигнин сульфатный,2017,3,17.0
Лигнин сульфатный,2017,4,20.0
Лигнин сульфатный,2017,7,16.0
Лигнин сульфатный,2017,8,22.0
Лигнин сульфатный,2017,9,24.0
Лигнин сульфатный,2017,11,21.0
Лигнин сульфатный,2018,2,13.0
Лигнин сульфатный,2018,3,21.0
Лигнин сульфатный,2018,4,16.0
Лигнин сульфатный,2018,5,13.0
Лигнин сульфатный,2018,8,20.0
Лигнин сульфатный,2018,9,12.0
Лигнин сульфатный,2018,12,17.0
Лигнин сульфатный,2019,1,13.0
Лигнин сульфатный,2019,2,18.0
Лигнин сульфатный,2019,3,13.0
Лигнин сульфатный,2019,4,14.0
Лигнин сульфатный,2019,5,13.0
Лигнин сульфатный,2019,7,14.0
Лигнин сульфатный,2019,8,19.0
Лигнин сульфатный,2019,9,33.0
Лигнин сульфатный,2019,10,15.0
Лигнин сульфатный,2020,2,15.0
Лигнин сульфатный,2020,3,34.0
Лигнин сульфатный,2020,5,21.0
Лигнин сульфатный,2020,6,12.0
Лигнин сульфатный,2020,8,23.0
Лигнин сульфатный,2020,11,24.0
Лигнин сульфатный,2020,12,20.0
Лигнин сульфатный,2021,2,11.0
Лигнин сульфатный,2021,7,22.0
Лигносульфонаты,2008,1,35.0
Лигносульфонаты,2008,3,26.0
Лигносульфонаты,2008,5,12.0
Лигносульфонаты,2008,6,32.0
Лигносульфонаты,2008,7,11.0
Лигносульфонаты,2008,8,29.0
Лигносульфонаты,2008,9,29.0
Лигносульфонаты,2008,10,17.0
Лигносульфонаты,2008,11,21.8
Лигносульфонаты,2009,1,38.0
Лигносульфонаты,2009,2,36.0
Лигносульфонаты,2009,3,47.0
Лигносульфонаты,2009,4,26.0
Лигносульфонаты,2009,6,19.0
Лигносульфонаты,2009,7,16.0
Лигносульфонаты,2009,8,45.0
Лигносульфонаты,2009,10,12.0
Лигносульфонаты,2009,11,16.0
Лигносульфонаты,2010,1,18.0
Лигносульфонаты,2010,2,49.0
Лигносульфонаты,2010,3,27.0
Лигносульфонаты,2010,6,22.0
Лигносульфонаты,2010,7,46.0
Лигносульфонаты,2010,8,44.0
Лигносульфонаты,2010,9,36.0
Лигносульфонаты,2010,10,66.0
Лигносульфонаты,2010,12,50.0
Лигносульфонаты,2011,1,52.0
Лигносульфонаты,2011,2,39.0
Лигносульфонаты,2011,3,52.0
Лигносульфонаты,2011,5,23.0
Лигносульфонаты,2011,6,52.0
Лигносульфонаты,2011,9,31.0
Лигносульфонаты,2012,3,30.0
Лигносульфонаты,2012,5,20.0
Лигносульфонаты,2012,6,23.0
Лигносульфонаты,2012,8,21.0
Лигносульфонаты,2012,9,44.0
Лигносульфонаты,2013,2,39.0
Лигносульфонаты,2013,3,30.0
Лигносульфонаты,2013,6,34.0
Лигносульфонаты,2013,7,28.0
Лигносульфонаты,2013,9,21.0
Лигносульфонаты,2014,9,23.0
Лигносульфонаты,2016,6,34.0
Лигносульфонаты,2016,7,49.0
Лигносульфонаты,2016,8,22.0
Лигносульфонаты,2016,9,45.0
Лигносульфонаты,2016,11,17.0
Лигносульфонаты,2016,12,13.0
Лигносульфонаты,2017,1,31.0
Лигносульфонаты,2017,3,16.0
Лигносульфонаты,2017,7,16.0
Лигносульфонаты,2018,1,20.0
Лигносульфонаты,2018,3,20.0
Лигносульфонаты,2018,5,11.0
Лигносульфонаты,2018,6,18.0
Лигносульфонаты,2018,9,16.0
Лигносульфонаты,2019,3,18.0
Лигносульфонаты,2019,9,13.0
Магний,2009,3,16.0
Магний,2009,4,15.0
Магний,2009,6,11.0
Магний,2010,4,16.0
Магний,2010,6,11.0
Магний,2010,8,10.0
Магний,2011,3,16.0
Магний,2011,5,12.0
Магний,2012,3,18.0
Магний,2012,4,16.0
Магний,2012,5,11.0
Магний,2013,3,16.0
Магний,2013,4,21.0
Магний,2013,5,10.0
Магний,2013,7,12.0
Магний,2014,5,13.0
Магний,2014,10,14.0
Магний,2015,6,14.0
Магний,2015,8,12.0
Магний,2015,11,14.0
Магний,2016,3,16.0
Магний,2016,5,11.0
Магний,2016,7,11.0
Магний,2016,10,12.0
Магний,2016,12,12.0
Магний,2017,3,13.0
Магний,2017,5,11.0
Магний,2017,8,11.0
Магний,2017,10,11.0
Магний,2017,11,11.0
Магний,2018,3,14.0
Магний,2019,3,12.0
Магний,2019,4,12.0
Магний,2019,5,11.0
Магний,2019,10,10.0
Магний,2020,3,11.0
Марганец,2008,1,40.42857142857143
Марганец,2008,2,43.875
Марганец,2008,3,43.5
Марганец,2008,4,41.9
Марганец,2008,5,42.6
Марганец,2008,6,38.0
Марганец,2008,7,42.5
Марганец,2008,8,33.0
Марганец,2008,9,40.0
Марганец,2008,10,35.8
Марганец,2008,11,38.8
Марганец,2008,12,37.0
Марганец,2009,1,40.68
Марганец,2009,2,42.4
Марганец,2009,3,42.63636363636363
Марганец,2009,4,41.333333333333336
Марганец,2009,5,40.8
Марганец,2009,6,39.0
Марганец,2009,7,34.0
Марганец,2009,8,38.333333333333336
Марганец,2009,9,39.285714285714285
Марганец,2009,10,39.333333333333336
Марганец,2009,11,40.0
Марганец,2009,12,41.166666666666664
Марганец,2010,1,40.714285714285715
Марганец,2010,2,39.90909090909091
Марганец,2010,3,40.46666666666667
Марганец,2010,4,43.857142857142854
Марганец,2010,5,40.166666666666664
Марганец,2010,6,43.6
Марганец,2010,7,44.6625
Марганец,2010,8,43.666666666666664
Марганец,2010,9,38.0
Марганец,2010,10,45.5
Марганец,2010,11,39.333333333333336
Марганец,2010,12,41.666666666666664
Марганец,2011,1,37.125
Марганец,2011,2,42.666666666666664
Марганец,2011,3,36.72727272727273
Марганец,2011,4,43.92857142857143
Марганец,2011,5,44.0
Марганец,2011,6,38.25
Марганец,2011,7,42.8
Марганец,2011,8,37.333333333333336
Марганец,2011,9,39.333333333333336
Марганец,2011,10,39.0
Марганец,2011,11,45.4
Марганец,2011,12,40.125
Марганец,2012,1,40.666666666666664
Марганец,2012,2,44.0
Марганец,2012,3,40.63636363636363
Марганец,2012,4,42.083333333333336
Марганец,2012,5,41.8
Марганец,2012,6,34.6
Марганец,2012,7,42.0
Марганец,2012,8,37.0
Марганец,2012,9,33.0
Марганец,2012,10,37.5
Марганец,2012,11,42.0
Марганец,2012,12,40.25
Марганец,2013,1,43.666666666666664
Марганец,2013,2,41.0
Марганец,2013,3,41.888888888888886
Марганец,2013,4,43.69230769230769
Марганец,2013,5,37.666666666666664
Марганец,2013,6,37.0
Марганец,2013,7,38.666666666666664
Марганец,2013,8,39.5
Марганец,2013,9,35.0
Марганец,2013,10,40.166666666666664
Марганец,2013,11,47.0
Марганец,2013,12,40.4
Марганец,2014,1,40.42857142857143
Марганец,2014,2,41.53333333333333
Марганец,2014,3,43.666666666666664
Марганец,2014,4,39.3
Марганец,2014,5,44.4
Марганец,2014,6,34.5
Марганец,2014,7,48.75
Марганец,2014,8,42.6
Марганец,2014,9,40.0
Марганец,2014,10,41.333333333333336
Марганец,2014,11,42.0
Марганец,2014,12,38.625
Марганец,2015,1,44.3
Марганец,2015,2,43.25
Марганец,2015,3,42.294117647058826
Марганец,2015,4,45.6
Марганец,2015,5,39.90909090909091
Марганец,2015,6,35.8
Марганец,2015,7,37.42857142857143
Марганец,2015,8,40.6
Марганец,2015,9,39.25
Марганец,2015,10,40.916666666666664
Марганец,2015,11,43.0
Марганец,2015,12,43.7
Марганец,2016,1,45.5
Марганец,2016,2,40.7
Марганец,2016,3,41.642857142857146
Марганец,2016,4,43.666666666666664
Марганец,2016,5,39.875
Марганец,2016,6,39.42857142857143
Марганец,2016,7,38.6
Марганец,2016,8,39.0
Марганец,2016,9,36.4
Марганец,2016,10,42.77777777777778
Марганец,2016,11,40.125
Марганец,2016,12,41.42857142857143
Марганец,2017,1,40.857142857142854
Марганец,2017,2,44.07692307692308
Марганец,2017,3,38.0
Марганец,2017,4,41.25
Марганец,2017,5,40.875
Марганец,2017,6,37.75
Марганец,2017,7,36.0
Марганец,2017,8,39.0
Марганец,2017,9,38.666666666666664
Марганец,2017,10,43.0
Марганец,2017,11,44.0
Марганец,2017,12,40.142857142857146
Марганец,2018,1,41.25
Марганец,2018,2,38.785714285714285
Марганец,2018,3,42.38461538461539
Марганец,2018,4,41.0
Марганец,2018,5,41.25
Марганец,2018,6,41.833333333333336
Марганец,2018,7,43.0
Марганец,2018,8,37.2
Марганец,2018,9,41.6
Марганец,2018,10,37.666666666666664
Марганец,2018,11,37.833333333333336
Марганец,2018,12,41.125
Марганец,2019,1,40.61538461538461
Марганец,2019,2,43.42857142857143
Марганец,2019,3,45.07692307692308
Марганец,2019,4,41.0
Марганец,2019,5,41.0
Марганец,2019,6,38.0
Марганец,2019,7,40.8
Марганец,2019,8,38.142857142857146
Марганец,2019,9,43.8
Марганец,2019,10,43.0
Марганец,2019,11,40.166666666666664
Марганец,2019,12,41.666666666666664
Марганец,2020,1,40.25
Марганец,2020,2,42.625
Марганец,2020,3,42.666666666666664
Марганец,2020,4,38.5
Марганец,2020,5,39.25
Марганец,2020,6,38.333333333333336
Марганец,2020,7,36.25
Марганец,2020,8,43.666666666666664
Марганец,2020,9,42.333333333333336
Марганец,2020,10,39.0
Марганец,2020,11,39.8
Марганец,2020,12,40.142857142857146
Марганец,2021,1,40.888888888888886
Марганец,2021,2,42.833333333333336
Марганец,2021,3,42.8235294117647
Марганец,2021,4,42.166666666666664
Марганец,2021,5,40.3
Марганец,2021,6,39.875
Марганец,2021,7,38.75
Марганец,2021,8,41.25
Медь,2008,1,36.0
Медь,2008,2,30.0
Медь,2008,3,32.0
Медь,2008,4,46.5
Медь,2008,5,39.5
Медь,2008,6,43.333333333333336
Медь,2008,7,45.0
Медь,2008,8,42.0
Медь,2008,9,37.166666666666664
Медь,2008,10,37.0
Медь,2008,11,43.5
Медь,2008,12,44.666666666666664
Медь,2009,1,41.5
Медь,2009,2,36.0
Медь,2009,3,38.5
Медь,2009,4,30.5
Медь,2009,6,43.666666666666664
Медь,2009,7,32.0
Медь,2009,8,37.666666666666664
Медь,2009,9,41.5
Медь,2009,10,42.666666666666664
Медь,2009,11,38.0
Медь,2009,12,41.5
Медь,2010,1,43.0
Медь,2010,2,35.0
Медь,2010,3,34.0
Медь,2010,4,43.0
Медь,2010,5,36.5
Медь,2010,6,40.75
Медь,2010,7,39.4
Медь,2010,8,44.333333333333336
Медь,2010,9,42.333333333333336
Медь,2010,10,36.0
Медь,2010,11,45.0
Медь,2010,12,40.5
Медь,2011,1,49.0
Медь,2011,2,39.5
Медь,2011,3,41.333333333333336
Медь,2011,4,46.0
Медь,2011,5,41.666666666666664
Медь,2011,6,39.5
Медь,2011,7,42.0
Медь,2011,8,37.0
Медь,2011,9,42.666666666666664
Медь,2011,10,38.333333333333336
Медь,2011,11,43.5
Медь,2011,12,41.333333333333336
Медь,2012,2,34.5
Медь,2012,3,41.666666666666664
Медь,2012,4,37.666666666666664
Медь,2012,5,33.0
Медь,2012,6,42.0
Медь,2012,7,34.0
Медь,2012,8,38.0
Медь,2012,9,39.25
Медь,2012,10,32.0
Медь,2012,11,35.0
Медь,2012,12,47.0
Медь,2013,1,31.0
Медь,2013,3,36.0
Медь,2013,4,41.0
Медь,2013,5,47.0
Медь,2013,6,38.0
Медь,2013,7,38.5
Медь,2013,8,39.0
Медь,2013,9,37.0
Медь,2013,10,47.0
Медь,2013,11,35.0
Медь,2013,12,38.333333333333336
Медь,2014,1,34.0
Медь,2014,2,43.0
Медь,2014,4,40.0
Медь,2014,5,32.5
Медь,2014,7,43.0
Медь,2014,8,36.666666666666664
Медь,2014,9,38.0
Медь,2014,10,43.5
Медь,2014,11,45.0
Медь,2014,12,38.0
Медь,2015,1,40.0
Медь,2015,2,44.333333333333336
Медь,2015,3,37.666666666666664
Медь,2015,4,36.5
Медь,2015,5,35.0
Медь,2015,6,45.0
Медь,2015,7,39.25
Медь,2015,8,37.666666666666664
Медь,2015,9,43.0
Медь,2015,10,38.0
Медь,2015,11,37.0
Медь,2015,12,41.75
Медь,2016,1,48.0
Медь,2016,2,44.0
Медь,2016,3,33.0
Медь,2016,4,37.0
Медь,2016,5,42.8
Медь,2016,6,44.75
Медь,2016,7,40.0
Медь,2016,8,40.25
Медь,2016,9,48.0
Медь,2016,10,36.5
Медь,2016,11,36.333333333333336
Медь,2016,12,39.0
Медь,2017,1,40.5
Медь,2017,2,37.5
Медь,2017,3,39.5
Медь,2017,4,45.75
Медь,2017,5,38.833333333333336
Медь,2017,6,39.5
Медь,2017,7,43.0
Медь,2017,8,40.0
Медь,2017,9,40.0
Медь,2017,10,42.166666666666664
Медь,2017,11,41.5
Медь,2017,12,37.5
Медь,2018,1,43.0
Медь,2018,3,41.75
Медь,2018,4,41.0
Медь,2018,5,44.333333333333336
Медь,2018,6,42.125
Медь,2018,7,41.714285714285715
Медь,2018,8,34.5
Медь,2018,9,41.0
Медь,2018,10,43.5
Медь,2018,11,46.333333333333336
Медь,2018,12,31.0
Медь,2019,1,42.0
Медь,2019,2,39.5
Медь,2019,4,37.5
Медь,2019,5,38.5
Медь,2019,6,38.0
Медь,2019,7,40.0
Медь,2019,8,35.833333333333336
Медь,2019,9,39.6
Медь,2019,10,33.0
Медь,2019,11,38.333333333333336
Медь,2020,3,36.0
Медь,2020,4,38.5
Медь,2020,5,38.0
Медь,2020,6,41.666666666666664
Медь,2020,7,39.2
Медь,2020,8,36.5
Медь,2020,9,36.0
Медь,2020,10,40.6
Медь,2020,11,40.0
Медь,2020,12,34.0
Медь,2021,3,34.0
Медь,2021,4,43.5
Медь,2021,5,44.25
Медь,2021,6,41.75
Медь,2021,7,39.0
Медь,2021,8,41.5
Метанол,2016,7,15.0
Метанол,2016,8,32.0
Метанол,2016,10,40.0
Метанол,2016,11,19.0
Метанол,2016,12,44.0
Метанол,2017,1,39.0
Минерализация,2013,3,11.0
Минерализация,2013,4,14.0
Молибден,2008,7,5.0
Молибден,2008,9,4.0
Молибден,2009,3,3.0
Молибден,2009,5,3.0
Молибден,2009,6,4.0
Молибден,2009,9,3.0
Молибден,2010,3,4.0
Молибден,2010,5,5.0
Молибден,2010,7,3.6
Молибден,2010,8,4.0
Молибден,2010,9,5.0
Молибден,2011,3,3.0
Молибден,2011,7,3.0
Молибден,2011,10,4.0
Молибден,2012,6,3.0
Молибден,2012,7,5.0
Молибден,2012,9,3.0
Молибден,2012,10,4.0
Молибден,2013,3,5.0
Молибден,2013,7,3.0
Молибден,2013,8,3.0
Молибден,2013,9,5.0
Молибден,2013,10,3.0
Молибден,2014,3,3.0
Молибден,2014,6,3.0
Молибден,2014,7,4.0
Молибден,2014,8,4.0
Молибден,2014,10,3.0
Молибден,2015,4,4.0
Молибден,2015,7,4.0
Молибден,2015,8,4.0
Молибден,2015,9,3.0
Молибден,2016,3,3.0
Молибден,2016,5,4.0
Молибден,2016,6,3.0
Молибден,2016,7,3.0
Молибден,2016,9,4.0
Молибден,2016,10,4.0
Молибден,2017,3,4.0
Молибден,2017,4,4.0
Молибден,2017,5,4.0
Молибден,2017,7,4.0
Молибден,2017,9,3.0
Молибден,2017,12,4.0
Молибден,2018,3,3.0
Молибден,2018,7,4.0
Молибден,2018,8,4.0
Молибден,2018,9,4.0
Молибден,2018,10,4.0
Молибден,2019,3,4.0
Молибден,2019,5,4.0
Молибден,2019,7,3.0
Молибден,2019,9,4.0
Молибден,2020,4,3.5
Молибден,2020,5,3.0
Молибден,2020,6,3.5
Молибден,2020,7,3.0
Молибден,2020,8,4.0
Молибден,2020,9,3.5
Молибден,2020,10,3.0
Молибден,2021,2,3.5
Молибден,2021,3,3.0
Молибден,2021,5,4.0
Молибден,2021,6,4.0
Молибден,2021,7,4.0
Молибден,2021,8,4.0
Мышьяк,2013,4,4.0
Мышьяк,2013,11,4.0
Мышьяк,2014,6,4.0
Мышьяк,2019,2,4.0
Мышьяк,2019,3,4.0
Мышьяк,2019,11,3.5
Мышьяк,2020,6,4.0
Мышьяк,2020,8,3.0
Мышьяк,2020,12,4.0
Мышьяк,2021,2,4.0
Мышьяк,2021,3,4.0
Мышьяк,2021,7,4.0
Натрий,2010,2,10.0
Натрий,2010,8,18.0
Натрий,2011,8,20.0
Натрий,2013,8,17.0
Натрий,2014,9,13.0
Натрий,2014,10,19.0
Натрий,2016,8,21.0
Натрий,2017,4,18.0
Натрий,2020,8,21.0
Нефть и нефтепродукты,2008,2,43.0
Нефть и нефтепродукты,2008,3,33.666666666666664
Нефть и нефтепродукты,2008,4,36.857142857142854
Нефть и нефтепродукты,2008,6,36.0
Нефть и нефтепродукты,2008,7,37.333333333333336
Нефть и нефтепродукты,2008,8,39.0
Нефть и нефтепродукты,2008,10,48.0
Нефть и нефтепродукты,2008,11,36.666666666666664
Нефть и нефтепродукты,2008,12,50.0
Нефть и нефтепродукты,2009,3,35.0
Нефть и нефтепродукты,2009,6,35.666666666666664
Нефть и нефтепродукты,2009,7,44.0
Нефть и нефтепродукты,2009,8,36.0
Нефть и нефтепродукты,2009,9,38.0
Нефть и нефтепродукты,2009,10,35.0
Нефть и нефтепродукты,2009,11,39.0
Нефть и нефтепродукты,2009,12,42.0
Нефть и нефтепродукты,2010,1,48.0
Нефть и нефтепродукты,2010,2,38.0
Нефть и нефтепродукты,2010,3,35.666666666666664
Нефть и нефтепродукты,2010,4,38.0
Нефть и нефтепродукты,2010,5,43.0
Нефть и нефтепродукты,2010,10,41.0
Нефть и нефтепродукты,2010,11,42.5
Нефть и нефтепродукты,2011,1,41.0
Нефть и нефтепродукты,2011,2,38.5
Нефть и нефтепродукты,2011,4,48.0
Нефть и нефтепродукты,2011,5,37.25
Нефть и нефтепродукты,2011,7,38.0
Нефть и нефтепродукты,2011,8,32.0
Нефть и нефтепродукты,2011,9,42.0
Нефть и нефтепродукты,2011,10,38.0
Нефть и нефтепродукты,2011,11,49.0
Нефть и нефтепродукты,2012,1,39.0
Нефть и нефтепродукты,2012,2,37.333333333333336
Нефть и нефтепродукты,2012,3,36.0
Нефть и нефтепродукты,2012,4,39.0
Нефть и нефтепродукты,2012,7,40.5
Нефть и нефтепродукты,2012,8,39.0
Нефть и нефтепродукты,2012,9,50.0
Нефть и нефтепродукты,2013,2,50.0
Нефть и нефтепродукты,2013,3,32.0
Нефть и нефтепродукты,2013,4,36.0
Нефть и нефтепродукты,2013,7,40.0
Нефть и нефтепродукты,2013,8,45.0
Нефть и нефтепродукты,2013,10,50.0
Нефть и нефтепродукты,2013,11,49.0
Нефть и нефтепродукты,2013,12,39.0
Нефть и нефтепродукты,2014,2,39.0
Нефть и нефтепродукты,2014,3,36.0
Нефть и нефтепродукты,2014,4,43.333333333333336
Нефть и нефтепродукты,2014,5,50.0
Нефть и нефтепродукты,2014,8,38.0
Нефть и нефтепродукты,2015,1,38.0
Нефть и нефтепродукты,2015,2,44.0
Нефть и нефтепродукты,2015,3,38.0
Нефть и нефтепродукты,2015,5,44.0
Нефть и нефтепродукты,2015,6,39.5
Нефть и нефтепродукты,2015,8,48.5
Нефть и нефтепродукты,2015,11,47.5
Нефть и нефтепродукты,2015,12,40.0
Нефть и нефтепродукты,2016,2,31.0
Нефть и нефтепродукты,2016,3,42.0
Нефть и нефтепродукты,2016,4,39.666666666666664
Нефть и нефтепродукты,2016,6,35.0
Нефть и нефтепродукты,2016,7,31.0
Нефть и нефтепродукты,2016,8,35.0
Нефть и нефтепродукты,2016,9,44.0
Нефть и нефтепродукты,2016,10,37.0
Нефть и нефтепродукты,2016,11,44.0
Нефть и нефтепродукты,2017,2,40.0
Нефть и нефтепродукты,2017,3,43.0
Нефть и нефтепродукты,2017,5,38.666666666666664
Нефть и нефтепродукты,2017,7,45.0
Нефть и нефтепродукты,2017,8,40.0
Нефть и нефтепродукты,2017,9,49.0
Нефть и нефтепродукты,2017,10,50.0
Нефть и нефтепродукты,2017,11,35.0
Нефть и нефтепродукты,2018,1,42.0
Нефть и нефтепродукты,2018,2,47.0
Нефть и нефтепродукты,2018,4,34.0
Нефть и нефтепродукты,2018,5,33.0
Нефть и нефтепродукты,2018,6,47.0
Нефть и нефтепродукты,2018,11,49.0
Нефть и нефтепродукты,2018,12,46.0
Нефть и нефтепродукты,2019,1,43.0
Нефть и нефтепродукты,2019,3,49.0
Нефть и нефтепродукты,2019,4,35.0
Нефть и нефтепродукты,2019,5,39.5
Нефть и нефтепродукты,2019,6,47.5
Нефть и нефтепродукты,2019,7,43.5
Нефть и нефтепродукты,2019,8,42.5
Нефть и нефтепродукты,2019,9,46.0
Нефть и нефтепродукты,2019,10,41.5
Нефть и нефтепродукты,2019,11,31.0
Нефть и нефтепродукты,2019,12,35.0
Нефть и нефтепродукты,2020,2,41.0
Нефть и нефтепродукты,2020,4,46.0
Нефть и нефтепродукты,2020,5,50.0
Нефть и нефтепродукты,2020,6,38.333333333333336
Нефть и нефтепродукты,2020,7,44.5
Нефть и нефтепродукты,2020,8,41.0
Нефть и нефтепродукты,2020,10,42.666666666666664
Нефть и нефтепродукты,2021,4,37.0
Нефть и нефтепродукты,2021,5,42.5
Нефть и нефтепродукты,2021,7,38.0
Нефть и нефтепродукты,2021,8,31.0
Никель,2008,1,25.0
Никель,2008,2,17.333333333333332
Никель,2008,3,24.0
Никель,2008,4,20.0
Никель,2008,5,31.0
Никель,2008,6,32.0
Никель,2008,7,39.5
Никель,2008,8,24.0
Никель,2008,9,33.0
Никель,2008,10,47.0
Никель,2008,11,19.5
Никель,2008,12,32.5
Никель,2009,1,24.666666666666668
Никель,2009,2,27.5
Никель,2009,3,24.5
Никель,2009,4,27.0
Никель,2009,5,29.0
Никель,2009,6,20.5
Никель,2009,7,30.5
Никель,2009,8,47.0
Никель,2009,9,41.0
Никель,2009,10,46.0
Никель,2009,11,41.0
Никель,2009,12,39.0
Никель,2010,1,19.0
Никель,2010,2,25.0
Никель,2010,3,33.0
Никель,2010,4,21.0
Никель,2010,5,36.0
Никель,2010,6,41.0
Никель,2010,7,39.05
Никель,2010,8,44.5
Никель,2010,9,42.0
Никель,2010,10,29.5
Никель,2010,11,20.0
Никель,2010,12,20.666666666666668
Никель,2011,1,22.0
Никель,2011,2,43.0
Никель,2011,3,37.5
Никель,2011,4,35.0
Никель,2011,5,23.0
Никель,2011,6,41.0
Никель,2011,7,27.0
Никель,2011,8,25.0
Никель,2011,9,32.0
Никель,2011,10,28.5
Никель,2011,11,31.5
Никель,2011,12,26.666666666666668
Никель,2012,1,46.0
Никель,2012,2,41.0
Никель,2012,3,33.5
Никель,2012,4,31.333333333333332
Никель,2012,5,24.0
Никель,2012,6,30.0
Никель,2012,7,34.5
Никель,2012,8,39.0
Никель,2012,9,29.0
Никель,2012,10,47.0
Никель,2012,11,23.0
Никель,2012,12,18.333333333333332
Никель,2013,1,33.5
Никель,2013,2,21.333333333333332
Никель,2013,3,29.5
Никель,2013,4,24.666666666666668
Никель,2013,5,21.0
Никель,2013,6,31.5
Никель,2013,7,40.5
Никель,2013,8,37.5
Никель,2013,9,26.5
Никель,2013,10,40.0
Никель,2013,11,31.5
Никель,2013,12,31.333333333333332
Никель,2014,1,30.0
Никель,2014,2,33.666666666666664
Никель,2014,3,29.0
Никель,2014,4,24.666666666666668
Никель,2014,5,24.0
Никель,2014,6,36.0
Никель,2014,7,47.0
Никель,2014,8,28.5
Никель,2014,9,28.5
Никель,2014,10,29.5
Никель,2014,11,34.0
Никель,2014,12,28.333333333333332
Никель,2015,1,29.0
Никель,2015,2,27.0
Никель,2015,3,19.0
Никель,2015,4,40.0
Никель,2015,5,34.0
Никель,2015,6,42.0
Никель,2015,7,16.0
Никель,2015,8,39.0
Никель,2015,9,28.0
Никель,2015,10,48.0
Никель,2015,11,35.5
Никель,2015,12,28.0
Никель,2016,1,27.5
Никель,2016,2,21.5
Никель,2016,3,35.0
Никель,2016,4,27.0
Никель,2016,5,31.0
Никель,2016,6,18.0
Никель,2016,7,35.0
Никель,2016,8,46.0
Никель,2016,9,37.0
Никель,2016,10,48.0
Никель,2016,11,38.0
Никель,2016,12,38.0
Никель,2017,1,23.5
Никель,2017,2,34.0
Никель,2017,3,25.5
Никель,2017,4,29.5
Никель,2017,5,27.0
Никель,2017,6,27.0
Никель,2017,7,30.0
Никель,2017,8,29.0
Никель,2017,9,28.5
Никель,2017,10,47.0
Никель,2017,11,43.0
Никель,2017,12,29.0
Никель,2018,1,39.0
Никель,2018,2,35.0
Никель,2018,3,26.0
Никель,2018,4,25.0
Никель,2018,5,31.0
Никель,2018,6,34.5
Никель,2018,7,14.5
Никель,2018,8,36.0
Никель,2018,9,29.0
Никель,2018,10,23.0
Никель,2018,11,25.5
Никель,2018,12,22.5
Никель,2019,1,22.5
Никель,2019,2,20.0
Никель,2019,3,32.5
Никель,2019,4,23.5
Никель,2019,5,43.0
Никель,2019,6,23.5
Никель,2019,7,42.0
Никель,2019,8,31.0
Никель,2019,9,47.0
Никель,2019,10,39.0
Никель,2019,11,41.5
Никель,2019,12,31.5
Никель,2020,1,34.0
Никель,2020,2,49.0
Никель,2020,3,49.0
Никель,2020,4,42.0
Никель,2020,5,46.0
Никель,2020,6,33.0
Никель,2020,7,32.0
Никель,2020,8,36.0
Никель,2020,9,26.0
Никель,2020,10,32.0
Никель,2020,11,49.0
Никель,2020,12,23.0
Никель,2021,1,29.0
Никель,2021,2,32.0
Никель,2021,3,29.5
Никель,2021,4,36.0
Никель,2021,5,25.0
Никель,2021,6,33.0
Никель,2021,7,21.5
Никель,2021,8,32.0
Нитрат-ионы,2010,9,4.0
Нитрат-ионы,2011,7,3.0
Нитрит-ионы,2008,1,23.09090909090909
Нитрит-ионы,2008,2,13.845454545454546
Нитрит-ионы,2008,3,20.133333333333333
Нитрит-ионы,2008,4,14.916666666666666
Нитрит-ионы,2008,5,15.166666666666666
Нитрит-ионы,2008,6,16.6
Нитрит-ионы,2008,7,16.75
Нитрит-ионы,2008,8,25.0
Нитрит-ионы,2008,9,14.5
Нитрит-ионы,2008,10,20.428571428571427
Нитрит-ионы,2008,11,16.0625
Нитрит-ионы,2008,12,14.0
Нитрит-ионы,2009,1,19.5
Нитрит-ионы,2009,2,19.636363636363637
Нитрит-ионы,2009,3,18.25
Нитрит-ионы,2009,4,23.875
Нитрит-ионы,2009,5,19.285714285714285
Нитрит-ионы,2009,6,20.333333333333332
Нитрит-ионы,2009,7,14.285714285714286
Нитрит-ионы,2009,8,16.0
Нитрит-ионы,2009,9,16.333333333333332
Нитрит-ионы,2009,10,15.11111111111111
Нитрит-ионы,2009,11,19.285714285714285
Нитрит-ионы,2009,12,16.166666666666668
Нитрит-ионы,2010,1,21.2
Нитрит-ионы,2010,2,15.666666666666666
Нитрит-ионы,2010,3,14.325
Нитрит-ионы,2010,4,18.7
Нитрит-ионы,2010,5,23.555555555555557
Нитрит-ионы,2010,6,21.354166666666668
Нитрит-ионы,2010,7,24.56111111111111
Нитрит-ионы,2010,8,24.181818181818183
Нитрит-ионы,2010,9,17.76923076923077
Нитрит-ионы,2010,10,18.22222222222222
Нитрит-ионы,2010,11,23.90909090909091
Нитрит-ионы,2010,12,14.0
Нитрит-ионы,2011,1,18.88888888888889
Нитрит-ионы,2011,2,20.5
Нитрит-ионы,2011,3,25.714285714285715
Нитрит-ионы,2011,4,19.4
Нитрит-ионы,2011,5,17.833333333333332
Нитрит-ионы,2011,6,19.363636363636363
Нитрит-ионы,2011,7,19.285714285714285
Нитрит-ионы,2011,8,20.357142857142858
Нитрит-ионы,2011,9,20.1
Нитрит-ионы,2011,10,18.88888888888889
Нитрит-ионы,2011,11,16.25
Нитрит-ионы,2011,12,16.88888888888889
Нитрит-ионы,2012,1,20.75
Нитрит-ионы,2012,2,16.75
Нитрит-ионы,2012,3,21.2
Нитрит-ионы,2012,4,22.916666666666668
Нитрит-ионы,2012,5,15.666666666666666
Нитрит-ионы,2012,6,21.1
Нитрит-ионы,2012,7,19.53846153846154
Нитрит-ионы,2012,8,20.8
Нитрит-ионы,2012,9,16.0
Нитрит-ионы,2012,10,27.428571428571427
Нитрит-ионы,2012,11,16.2
Нитрит-ионы,2012,12,23.833333333333332
Нитрит-ионы,2013,1,22.0
Нитрит-ионы,2013,2,21.4
Нитрит-ионы,2013,3,22.0
Нитрит-ионы,2013,4,19.454545454545453
Нитрит-ионы,2013,5,17.285714285714285
Нитрит-ионы,2013,6,29.375
Нитрит-ионы,2013,7,21.583333333333332
Нитрит-ионы,2013,8,24.166666666666668
Нитрит-ионы,2013,9,20.0
Нитрит-ионы,2013,10,25.25
Нитрит-ионы,2013,11,27.4
Нитрит-ионы,2013,12,18.4
Нитрит-ионы,2014,1,16.333333333333332
Нитрит-ионы,2014,2,17.5
Нитрит-ионы,2014,3,18.5
Нитрит-ионы,2014,4,19.363636363636363
Нитрит-ионы,2014,5,16.5
Нитрит-ионы,2014,6,21.0
Нитрит-ионы,2014,7,21.25
Нитрит-ионы,2014,8,23.25
Нитрит-ионы,2014,9,22.375
Нитрит-ионы,2014,10,16.8
Нитрит-ионы,2014,11,15.333333333333334
Нитрит-ионы,2014,12,22.571428571428573
Нитрит-ионы,2015,1,17.857142857142858
Нитрит-ионы,2015,2,20.90909090909091
Нитрит-ионы,2015,3,15.0
Нитрит-ионы,2015,4,21.714285714285715
Нитрит-ионы,2015,5,19.125
Нитрит-ионы,2015,6,17.375
Нитрит-ионы,2015,7,21.1
Нитрит-ионы,2015,8,19.444444444444443
Нитрит-ионы,2015,9,27.0
Нитрит-ионы,2015,10,21.428571428571427
Нитрит-ионы,2015,11,26.5
Нитрит-ионы,2015,12,40.0
Нитрит-ионы,2016,1,23.666666666666668
Нитрит-ионы,2016,2,20.571428571428573
Нитрит-ионы,2016,3,32.0
Нитрит-ионы,2016,4,20.333333333333332
Нитрит-ионы,2016,5,17.4
Нитрит-ионы,2016,6,16.4
Нитрит-ионы,2016,7,20.4
Нитрит-ионы,2016,8,24.333333333333332
Нитрит-ионы,2016,9,23.0
Нитрит-ионы,2016,10,17.0
Нитрит-ионы,2016,11,16.125
Нитрит-ионы,2016,12,21.8
Нитрит-ионы,2017,1,15.833333333333334
Нитрит-ионы,2017,2,18.666666666666668
Нитрит-ионы,2017,3,23.285714285714285
Нитрит-ионы,2017,4,16.125
Нитрит-ионы,2017,5,16.166666666666668
Нитрит-ионы,2017,6,25.8
Нитрит-ионы,2017,7,17.272727272727273
Нитрит-ионы,2017,8,24.0
Нитрит-ионы,2017,9,18.833333333333332
Нитрит-ионы,2017,10,19.5
Нитрит-ионы,2017,11,19.5
Нитрит-ионы,2017,12,21.5
Нитрит-ионы,2018,1,15.333333333333334
Нитрит-ионы,2018,2,21.0
Нитрит-ионы,2018,3,20.833333333333332
Нитрит-ионы,2018,4,19.11111111111111
Нитрит-ионы,2018,5,20.0
Нитрит-ионы,2018,6,18.11111111111111
Нитрит-ионы,2018,7,24.571428571428573
Нитрит-ионы,2018,8,21.875
Нитрит-ионы,2018,9,18.636363636363637
Нитрит-ионы,2018,10,22.5
Нитрит-ионы,2018,11,16.0
Нитрит-ионы,2018,12,20.5
Нитрит-ионы,2019,1,16.6
Нитрит-ионы,2019,2,21.125
Нитрит-ионы,2019,3,19.857142857142858
Нитрит-ионы,2019,4,16.5
Нитрит-ионы,2019,5,16.88888888888889
Нитрит-ионы,2019,6,22.125
Нитрит-ионы,2019,7,21.0
Нитрит-ионы,2019,8,20.77777777777778
Нитрит-ионы,2019,9,20.0
Нитрит-ионы,2019,10,16.6
Нитрит-ионы,2019,11,20.0
Нитрит-ионы,2019,12,12.75
Нитрит-ионы,2020,1,14.0
Нитрит-ионы,2020,2,14.0
Нитрит-ионы,2020,3,15.0
Нитрит-ионы,2020,4,21.428571428571427
Нитрит-ионы,2020,5,24.4
Нитрит-ионы,2020,6,15.777777777777779
Нитрит-ионы,2020,7,22.454545454545453
Нитрит-ионы,2020,8,19.333333333333332
Нитрит-ионы,2020,9,15.666666666666666
Нитрит-ионы,2020,10,20.5
Нитрит-ионы,2020,11,14.5
Нитрит-ионы,2020,12,14.0
Нитрит-ионы,2021,1,17.0
Нитрит-ионы,2021,2,16.8
Нитрит-ионы,2021,3,23.181818181818183
Нитрит-ионы,2021,4,19.444444444444443
Нитрит-ионы,2021,5,20.444444444444443
Нитрит-ионы,2021,6,17.375
Нитрит-ионы,2021,7,19.363636363636363
Нитрит-ионы,2021,8,22.90909090909091
Растворенный кислород,2008,1,2.92
Растворенный кислород,2008,2,2.8516666666666666
Растворенный кислород,2008,3,2.3433333333333333
Растворенный кислород,2008,4,2.705
Растворенный кислород,2008,5,2.75
Растворенный кислород,2008,6,2.68
Растворенный кислород,2008,7,2.66
Растворенный кислород,2008,8,2.7249999999999996
Растворенный кислород,2008,9,2.24
Растворенный кислород,2008,10,2.63
Растворенный кислород,2008,12,2.83
Растворенный кислород,2009,1,2.6500000000000004
Растворенный кислород,2009,2,2.8880000000000003
Растворенный кислород,2009,3,2.624285714285714
Растворенный кислород,2009,4,2.9
Растворенный кислород,2009,5,2.58
Растворенный кислород,2009,6,2.5625
Растворенный кислород,2009,7,2.49
Растворенный кислород,2009,8,2.46
Растворенный кислород,2009,9,2.5233333333333334
Растворенный кислород,2009,10,2.11
Растворенный кислород,2009,11,2.18
Растворенный кислород,2009,12,2.12
Растворенный кислород,2010,1,2.473333333333333
Растворенный кислород,2010,2,2.7375
Растворенный кислород,2010,3,2.444
Растворенный кислород,2010,4,2.4675000000000002
Растворенный кислород,2010,5,2.9
Растворенный кислород,2010,6,2.4
Растворенный кислород,2010,7,2.5662499999999997
Растворенный кислород,2010,8,3.9122222222222223
Растворенный кислород,2010,9,2.395
Растворенный кислород,2010,10,2.543333333333333
Растворенный кислород,2010,11,2.94
Растворенный кислород,2010,12,2.26
Растворенный кислород,2011,1,2.5540000000000003
Растворенный кислород,2011,2,2.643333333333333
Растворенный кислород,2011,3,2.6399999999999997
Растворенный кислород,2011,4,2.433333333333333
Растворенный кислород,2011,5,2.27
Растворенный кислород,2011,6,2.568
Растворенный кислород,2011,7,2.8440000000000003
Растворенный кислород,2011,8,2.4283333333333332
Растворенный кислород,2011,9,2.2633333333333336
Растворенный кислород,2011,10,2.426666666666667
Растворенный кислород,2011,11,2.49
Растворенный кислород,2011,12,2.26
Растворенный кислород,2012,1,2.6
Растворенный кислород,2012,2,2.7016666666666667
Растворенный кислород,2012,3,2.6645454545454546
Растворенный кислород,2012,4,2.44
Растворенный кислород,2012,5,2.375
Растворенный кислород,2012,6,2.5700000000000003
Растворенный кислород,2012,7,2.5783333333333336
Растворенный кислород,2012,8,2.7100000000000004
Растворенный кислород,2012,9,2.63
Растворенный кислород,2012,10,2.3049999999999997
Растворенный кислород,2012,12,2.5149999999999997
Растворенный кислород,2013,1,2.694
Растворенный кислород,2013,2,2.587142857142857
Растворенный кислород,2013,3,2.705
Растворенный кислород,2013,4,2.685
Растворенный кислород,2013,5,2.56
Растворенный кислород,2013,6,2.255
Растворенный кислород,2013,7,2.453333333333333
Растворенный кислород,2013,8,2.5200000000000005
Растворенный кислород,2013,9,2.38
Растворенный кислород,2013,10,2.3
Растворенный кислород,2013,11,2.55
Растворенный кислород,2013,12,2.9
Растворенный кислород,2014,1,2.466666666666667
Растворенный кислород,2014,2,2.6374999999999997
Растворенный кислород,2014,3,2.6874999999999996
Растворенный кислород,2014,4,2.5125
Растворенный кислород,2014,5,2.75
Растворенный кислород,2014,6,2.8499999999999996
Растворенный кислород,2014,7,2.425
Растворенный кислород,2014,8,2.66
Растворенный кислород,2014,9,2.65
Растворенный кислород,2014,10,2.2
Растворенный кислород,2014,11,2.4000000000000004
Растворенный кислород,2014,12,2.4666666666666663
Растворенный кислород,2015,1,2.6399999999999997
Растворенный кислород,2015,2,2.6666666666666665
Растворенный кислород,2015,3,2.6166666666666667
Растворенный кислород,2015,4,2.466666666666667
Растворенный кислород,2015,5,2.35
Растворенный кислород,2015,6,2.8
Растворенный кислород,2015,7,2.325
Растворенный кислород,2015,8,2.5800000000000005
Растворенный кислород,2015,9,2.1
Растворенный кислород,2015,10,2.525
Растворенный кислород,2015,12,2.3
Растворенный кислород,2016,1,2.533333333333333
Растворенный кислород,2016,2,2.4333333333333336
Растворенный кислород,2016,3,2.675
Растворенный кислород,2016,4,2.6999999999999997
Растворенный кислород,2016,5,2.55
Растворенный кислород,2016,6,2.6999999999999997
Растворенный кислород,2016,7,2.9
Растворенный кислород,2016,8,2.62
Растворенный кислород,2016,10,2.6
Растворенный кислород,2016,11,2.58
Растворенный кислород,2016,12,2.45
Растворенный кислород,2017,1,2.58
Растворенный кислород,2017,2,2.44
Растворенный кислород,2017,3,2.54
Растворенный кислород,2017,4,2.3
Растворенный кислород,2017,5,2.4000000000000004
Растворенный кислород,2017,6,2.75
Растворенный кислород,2017,7,2.533333333333333
Растворенный кислород,2017,8,2.6
Растворенный кислород,2017,9,2.465
Растворенный кислород,2017,10,2.5
Растворенный кислород,2017,12,2.2
Растворенный кислород,2018,1,2.7999999999999994
Растворенный кислород,2018,2,2.466666666666667
Растворенный кислород,2018,3,2.6999999999999997
Растворенный кислород,2018,4,2.6666666666666665
Растворенный кислород,2018,5,2.32
Растворенный кислород,2018,6,2.315
Растворенный кислород,2018,7,2.4833333333333334
Растворенный кислород,2018,8,2.3600000000000003
Растворенный кислород,2018,9,2.6666666666666665
Растворенный кислород,2018,10,2.766666666666667
Растворенный кислород,2018,11,2.7
Растворенный кислород,2018,12,2.1
Растворенный кислород,2019,1,2.575
Растворенный кислород,2019,2,2.557142857142857
Растворенный кислород,2019,3,2.46
Растворенный кислород,2019,4,2.5
Растворенный кислород,2019,5,2.9
Растворенный кислород,2019,6,2.6666666666666665
Растворенный кислород,2019,7,2.1999999999999997
Растворенный кислород,2019,8,2.55
Растворенный кислород,2019,9,2.1
Растворенный кислород,2019,10,2.3666666666666667
Растворенный кислород,2019,11,2.4
Растворенный кислород,2020,1,2.3
Растворенный кислород,2020,2,2.5
Растворенный кислород,2020,3,2.795
Растворенный кислород,2020,5,2.8
Растворенный кислород,2020,6,2.563333333333333
Растворенный кислород,2020,7,2.4314285714285715
Растворенный кислород,2020,8,2.4850000000000003
Растворенный кислород,2020,9,2.35
Растворенный кислород,2020,10,2.505
Растворенный кислород,2021,1,2.175
Растворенный кислород,2021,2,2.5285714285714285
Растворенный кислород,2021,3,2.576
Растворенный кислород,2021,4,2.3
Растворенный кислород,2021,5,2.35
Растворенный кислород,2021,6,2.5650000000000004
Растворенный кислород,2021,7,2.533333333333333
Растворенный кислород,2021,8,2.5740000000000003
Ртуть,2008,2,3.5
Ртуть,2008,4,3.0
Ртуть,2008,5,4.0
Ртуть,2008,6,4.0
Ртуть,2008,8,3.5
Ртуть,2008,9,3.0
Ртуть,2008,11,4.0
Ртуть,2008,12,4.5
Ртуть,2009,2,4.0
Ртуть,2009,5,4.0
Ртуть,2009,6,4.0
Ртуть,2009,10,5.0
Ртуть,2009,12,4.0
Ртуть,2010,3,3.0
Ртуть,2010,5,4.0
Ртуть,2010,6,4.1
Ртуть,2010,7,3.0
Ртуть,2010,8,3.0
Ртуть,2010,11,4.0
Ртуть,2010,12,4.5
Ртуть,2011,1,4.0
Ртуть,2011,3,5.0
Ртуть,2011,4,4.0
Ртуть,2011,7,3.0
Ртуть,2011,9,3.0
Ртуть,2011,10,4.0
Ртуть,2011,11,4.0
Ртуть,2011,12,4.0
Ртуть,2012,3,4.0
Ртуть,2012,4,3.0
Ртуть,2012,6,3.0
Ртуть,2012,7,5.0
Ртуть,2012,8,3.0
Ртуть,2012,10,5.0
Ртуть,2013,1,3.0
Ртуть,2013,2,4.0
Ртуть,2013,3,4.0
Ртуть,2013,4,3.0
Ртуть,2013,5,3.5
Ртуть,2013,7,3.0
Ртуть,2013,8,5.0
Ртуть,2013,10,4.0
Ртуть,2013,11,3.0
Ртуть,2013,12,5.0
Ртуть,2014,1,4.0
Ртуть,2014,2,4.0
Ртуть,2014,6,4.5
Ртуть,2014,8,4.0
Ртуть,2014,10,3.0
Ртуть,2014,11,3.5
Ртуть,2014,12,4.0
Ртуть,2015,2,4.0
Ртуть,2015,3,4.0
Ртуть,2015,5,3.0
Ртуть,2015,6,4.0
Ртуть,2015,7,4.0
Ртуть,2015,8,3.5
Ртуть,2015,10,4.0
Ртуть,2015,11,4.0
Ртуть,2015,12,4.0
Ртуть,2016,2,4.0
Ртуть,2016,3,3.0
Ртуть,2016,6,4.0
Ртуть,2016,7,4.0
Ртуть,2016,10,3.0
Ртуть,2017,5,4.5
Ртуть,2017,6,4.0
Ртуть,2017,7,4.0
Ртуть,2017,8,4.0
Ртуть,2017,11,3.6666666666666665
Ртуть,2018,3,3.0
Ртуть,2018,4,4.0
Ртуть,2018,5,3.0
Ртуть,2018,6,4.0
Ртуть,2018,7,4.0
Ртуть,2018,8,4.0
Ртуть,2018,10,4.0
Ртуть,2019,3,3.5
Ртуть,2019,4,4.0
Ртуть,2019,5,3.5
Ртуть,2019,8,3.0
Ртуть,2019,10,4.0
Ртуть,2020,1,3.5
Ртуть,2020,4,3.5
Ртуть,2020,5,4.0
Ртуть,2020,6,3.0
Ртуть,2020,7,3.5
Ртуть,2020,8,4.0
Ртуть,2020,9,3.0
Ртуть,2021,2,3.6666666666666665
Ртуть,2021,3,3.5
Ртуть,2021,4,4.0
Ртуть,2021,5,3.5
Ртуть,2021,6,4.0
Ртуть,2021,8,4.0
Свинец,2008,8,4.0
Свинец,2008,9,5.0
Свинец,2008,10,5.0
Свинец,2008,11,4.0
Свинец,2009,1,3.5
Свинец,2009,4,4.0
Свинец,2009,5,4.0
Свинец,2009,7,5.0
Свинец,2009,9,4.0
Свинец,2010,2,4.0
Свинец,2010,3,4.5
Свинец,2010,5,4.0
Свинец,2010,7,3.5
Свинец,2010,8,4.666666666666667
Свинец,2010,9,4.0
Свинец,2010,10,4.0
Свинец,2010,11,4.0
Свинец,2011,3,4.0
Свинец,2011,9,5.0
Свинец,2011,10,4.0
Свинец,2012,2,4.0
Свинец,2012,3,4.0
Свинец,2012,6,3.0
Свинец,2015,6,3.0
Свинец,2015,7,5.0
Свинец,2015,9,4.0
Свинец,2015,10,4.0
Свинец,2015,11,5.0
Свинец,2016,3,3.0
Свинец,2016,4,4.0
Свинец,2016,6,4.0
Свинец,2016,7,4.0
Свинец,2016,8,4.0
Свинец,2016,9,4.0
Свинец,2016,10,3.5
Свинец,2017,2,4.0
Свинец,2017,6,4.0
Свинец,2017,8,3.5
Свинец,2017,9,4.0
Свинец,2018,4,4.0
Свинец,2018,6,4.0
Свинец,2018,7,3.0
Свинец,2018,8,4.0
Свинец,2018,9,4.0
Свинец,2019,5,3.5
Свинец,2019,8,4.0
Свинец,2019,9,4.0
Свинец,2019,10,4.0
Свинец,2020,4,3.0
Свинец,2020,10,4.0
Свинец,2021,3,3.0
Свинец,2021,4,3.0
Свинец,2021,7,4.0
Сульфаты,2008,1,12.0
Сульфаты,2008,2,12.0
Сульфаты,2008,4,12.0
Сульфаты,2008,6,10.0
Сульфаты,2008,10,10.0
Сульфаты,2009,1,13.0
Сульфаты,2009,2,10.0
Сульфаты,2009,3,11.5
Сульфаты,2009,4,11.0
Сульфаты,2009,5,14.0
Сульфаты,2009,6,12.0
Сульфаты,2009,11,11.0
Сульфаты,2009,12,11.0
Сульфаты,2010,1,12.0
Сульфаты,2010,2,13.0
Сульфаты,2010,3,12.5
Сульфаты,2010,4,14.0
Сульфаты,2010,5,37.0
Сульфаты,2010,6,10.0
Сульфаты,2010,7,13.58
Сульфаты,2010,8,15.5
Сульфаты,2010,10,13.0
Сульфаты,2010,11,11.0
Сульфаты,2010,12,12.0
Сульфаты,2011,1,12.0
Сульфаты,2011,2,12.5
Сульфаты,2011,3,12.0
Сульфаты,2011,4,10.0
Сульфаты,2011,6,16.5
Сульфаты,2011,7,19.0
Сульфаты,2011,8,11.0
Сульфаты,2011,9,13.0
Сульфаты,2011,10,11.0
Сульфаты,2011,11,11.0
Сульфаты,2012,1,11.0
Сульфаты,2012,2,11.24
Сульфаты,2012,3,13.0
Сульфаты,2012,4,11.333333333333334
Сульфаты,2012,7,12.0
Сульфаты,2012,8,11.0
Сульфаты,2012,9,11.0
Сульфаты,2012,10,15.0
Сульфаты,2012,11,11.0
Сульфаты,2012,12,13.5
Сульфаты,2013,2,11.666666666666666
Сульфаты,2013,3,15.0
Сульфаты,2013,4,13.333333333333334
Сульфаты,2013,5,10.0
Сульфаты,2013,6,12.0
Сульфаты,2013,7,11.0
Сульфаты,2013,8,14.0
Сульфаты,2013,9,10.0
Сульфаты,2013,10,13.0
Сульфаты,2014,1,10.0
Сульфаты,2014,2,14.0
Сульфаты,2014,3,12.333333333333334
Сульфаты,2014,4,12.0
Сульфаты,2014,5,12.5
Сульфаты,2014,6,10.0
Сульфаты,2014,7,10.0
Сульфаты,2014,8,14.0
Сульфаты,2014,10,14.0
Сульфаты,2014,11,11.0
Сульфаты,2014,12,11.0
Сульфаты,2015,1,12.0
Сульфаты,2015,2,11.5
Сульфаты,2015,4,16.0
Сульфаты,2015,9,15.0
Сульфаты,2015,10,11.0
Сульфаты,2015,11,21.0
Сульфаты,2016,1,12.333333333333334
Сульфаты,2016,2,10.5
Сульфаты,2016,3,16.0
Сульфаты,2016,4,11.0
Сульфаты,2016,5,17.0
Сульфаты,2016,7,13.0
Сульфаты,2016,9,11.0
Сульфаты,2016,10,12.0
Сульфаты,2016,11,12.0
Сульфаты,2016,12,11.0
Сульфаты,2017,1,12.0
Сульфаты,2017,2,11.0
Сульфаты,2017,3,14.0
Сульфаты,2017,5,13.0
Сульфаты,2017,7,10.0
Сульфаты,2017,8,11.5
Сульфаты,2017,10,11.5
Сульфаты,2017,11,10.0
Сульфаты,2017,12,12.0
Сульфаты,2018,1,17.0
Сульфаты,2018,2,15.0
Сульфаты,2018,3,11.0
Сульфаты,2018,4,12.5
Сульфаты,2018,6,12.0
Сульфаты,2018,7,11.0
Сульфаты,2018,8,12.0
Сульфаты,2018,9,12.5
Сульфаты,2018,10,14.0
Сульфаты,2018,12,11.5
Сульфаты,2019,1,11.0
Сульфаты,2019,2,13.0
Сульфаты,2019,3,14.333333333333334
Сульфаты,2019,4,11.0
Сульфаты,2019,5,12.0
Сульфаты,2019,6,11.0
Сульфаты,2019,9,12.0
Сульфаты,2019,10,12.5
Сульфаты,2019,11,10.0
Сульфаты,2019,12,11.5
Сульфаты,2020,1,11.0
Сульфаты,2020,2,12.0
Сульфаты,2020,3,19.0
Сульфаты,2020,4,15.0
Сульфаты,2020,6,16.0
Сульфаты,2020,7,10.0
Сульфаты,2020,12,11.0
Сульфаты,2021,2,11.5
Сульфаты,2021,3,11.0
Сульфаты,2021,7,12.0
Сульфаты,2021,8,11.0
Сульфиды и сероводород,2008,1,2.0E-4
Сульфиды и сероводород,2008,2,4.0E-4
Сульфиды и сероводород,2008,5,2.0E-4
Сульфиды и сероводород,2008,6,3.0E-4
Сульфиды и сероводород,2008,7,2.0E-4
Сульфиды и сероводород,2008,8,3.0E-4
Сульфиды и сероводород,2008,9,36.0
Сульфиды и сероводород,2008,10,3.5E-4
Сульфиды и сероводород,2008,11,3.0E-4
Сульфиды и сероводород,2008,12,4.0E-4
Сульфиды и сероводород,2009,1,3.0000000000000003E-4
Сульфиды и сероводород,2009,2,4.0E-4
Сульфиды и сероводород,2009,3,3.0E-4
Сульфиды и сероводород,2009,4,3.0E-4
Сульфиды и сероводород,2009,5,4.0E-4
Сульфиды и сероводород,2009,8,3.0000000000000003E-4
Сульфиды и сероводород,2009,9,3.0E-4
Сульфиды и сероводород,2009,10,4.0E-4
Сульфиды и сероводород,2009,11,4.0E-4
Сульфиды и сероводород,2010,1,3.0000000000000003E-4
Сульфиды и сероводород,2010,2,2.0E-4
Сульфиды и сероводород,2010,6,4.0E-4
Сульфиды и сероводород,2010,7,4.0E-4
Сульфиды и сероводород,2010,8,4.0E-4
Сульфиды и сероводород,2010,9,2.5E-4
Сульфиды и сероводород,2010,11,3.0E-4
Сульфиды и сероводород,2011,2,23.00005
Сульфиды и сероводород,2011,3,3.0E-4
Сульфиды и сероводород,2011,5,12.0
Сульфиды и сероводород,2011,7,2.0E-4
Сульфиды и сероводород,2011,8,4.0E-4
Сульфиды и сероводород,2011,10,5.0002
Сульфиды и сероводород,2011,11,4.0E-4
Сульфиды и сероводород,2012,1,4.0E-4
Сульфиды и сероводород,2012,2,6.3335
Сульфиды и сероводород,2012,3,0.0312
Сульфиды и сероводород,2012,5,10.0
Сульфиды и сероводород,2012,7,4.0E-4
Сульфиды и сероводород,2014,1,30.0
Сульфиды и сероводород,2015,3,16.0
Сульфиды и сероводород,2016,3,42.0
Сульфиды и сероводород,2018,10,46.0
Сульфиды и сероводород,2020,7,18.0
Сульфиды и сероводород,2021,3,16.0
Сульфиды и сероводород,2021,7,16.0
Фенол,2008,2,32.0
Фенол,2008,6,40.0
Фенол,2008,8,30.0
Фенол,2008,12,35.0
Фенол,2009,2,36.0
Фенол,2009,7,30.0
Фенол,2009,9,34.0
Фенол,2009,11,46.0
Фенол,2009,12,39.5
Фенол,2010,7,35.0
Фенол,2010,8,33.0
Фенол,2010,9,46.0
Фенол,2010,10,37.0
Фенол,2010,11,42.0
Фенол,2010,12,41.5
Фенол,2011,1,48.0
Фенол,2011,2,44.0
Фенол,2011,3,49.0
Фенол,2011,4,46.0
Фенол,2011,9,41.0
Фенол,2011,11,35.0
Фенол,2012,1,38.0
Фенол,2012,3,36.0
Фенол,2012,5,35.5
Фенол,2012,6,41.0
Фенол,2012,12,38.0
Фенол,2013,1,43.0
Фенол,2013,3,30.0
Фенол,2013,6,36.0
Фенол,2013,7,45.0
Фенол,2013,8,32.0
Фенол,2013,9,34.0
Фенол,2013,12,48.0
Фенол,2014,1,46.0
Фенол,2014,3,33.0
Фенол,2015,1,42.0
Фенол,2015,3,36.0
Фенол,2015,8,41.5
Фенол,2015,11,36.0
Фенол,2015,12,45.0
Фенол,2016,2,32.0
Фенол,2016,4,42.0
Фенол,2016,12,47.0
Фенол,2017,5,33.0
Фенол,2017,9,35.0
Фенол,2017,10,43.0
Фенол,2017,11,43.0
Фенол,2018,2,45.0
Фенол,2019,2,40.0
Фенол,2019,4,38.0
Фенол,2019,5,32.0
Фенол,2019,7,41.0
Фенол,2019,11,47.0
Фенол,2020,2,45.0
Фенол,2020,4,46.0
Фенол,2020,10,33.0
Фенол,2021,2,38.666666666666664
Фенол,2021,3,47.0
Фенол,2021,5,45.0
Фенол,2021,8,46.0
Формальдегид,2008,5,3.0
Формальдегид,2009,7,4.0
Формальдегид,2013,4,4.0
Формальдегид,2013,6,5.0
Формальдегид,2016,7,3.5
Формальдегид,2016,9,3.0
Формальдегид,2016,11,3.0
Формальдегид,2016,12,3.0
Формальдегид,2017,1,3.0
Формальдегид,2017,3,5.0
Формальдегид,2018,3,3.0
Формальдегид,2018,11,4.0
Формальдегид,2019,1,4.0
Формальдегид,2019,2,4.0
Формальдегид,2019,3,4.0
Формальдегид,2020,3,4.6000000000000005
Формальдегид,2020,5,4.0
Формальдегид,2020,6,4.0
Формальдегид,2020,7,3.0
Формальдегид,2020,9,4.0
Формальдегид,2020,10,4.0
Формальдегид,2021,1,3.5
Формальдегид,2021,7,3.5
Фосфаты,2008,1,29.0
Фосфаты,2008,2,30.0
Фосфаты,2008,4,20.5
Фосфаты,2008,5,37.666666666666664
Фосфаты,2008,6,25.5
Фосфаты,2008,7,39.0
Фосфаты,2008,10,29.0
Фосфаты,2008,11,27.0
Фосфаты,2009,2,26.0
Фосфаты,2009,3,14.0
Фосфаты,2009,5,15.5
Фосфаты,2009,6,25.5
Фосфаты,2009,7,26.666666666666668
Фосфаты,2009,8,22.75
Фосфаты,2009,9,29.333333333333332
Фосфаты,2009,10,38.333333333333336
Фосфаты,2009,11,17.0
Фосфаты,2010,2,23.5
Фосфаты,2010,3,18.0
Фосфаты,2010,4,19.25
Фосфаты,2010,5,35.0
Фосфаты,2010,6,20.0
Фосфаты,2010,7,22.435000000000002
Фосфаты,2010,8,14.0
Фосфаты,2010,9,19.75
Фосфаты,2010,10,28.5
Фосфаты,2010,11,23.0
Фосфаты,2010,12,43.0
Фосфаты,2011,1,13.0
Фосфаты,2011,5,27.0
Фосфаты,2011,7,34.0
Фосфаты,2011,8,32.5
Фосфаты,2011,9,16.5
Фосфаты,2012,1,23.0
Фосфаты,2012,2,15.0
Фосфаты,2012,3,15.0
Фосфаты,2012,4,33.0
Фосфаты,2012,5,17.0
Фосфаты,2012,6,21.0
Фосфаты,2012,7,22.0
Фосфаты,2012,9,16.0
Фосфаты,2012,10,19.0
Фосфаты,2013,2,18.0
Фосфаты,2013,3,19.0
Фосфаты,2013,6,14.5
Фосфаты,2013,7,17.0
Фосфаты,2014,1,25.0
Фосфаты,2014,3,20.0
Фосфаты,2014,5,13.0
Фосфаты,2014,7,19.0
Фосфаты,2014,9,14.0
Фосфаты,2014,10,11.0
Фосфаты,2014,11,15.0
Фосфаты,2015,1,22.0
Фосфаты,2015,2,12.0
Фосфаты,2015,3,20.5
Фосфаты,2015,6,19.0
Фосфаты,2015,8,17.333333333333332
Фосфаты,2015,9,16.0
Фосфаты,2015,11,15.0
Фосфаты,2015,12,24.0
Фосфаты,2016,1,15.0
Фосфаты,2016,2,13.0
Фосфаты,2016,3,13.5
Фосфаты,2016,6,11.0
Фосфаты,2016,7,12.5
Фосфаты,2016,10,14.0
Фосфаты,2016,11,10.0
Фосфаты,2017,1,13.0
Фосфаты,2017,2,14.0
Фосфаты,2017,7,12.0
Фосфаты,2017,8,12.0
Фосфаты,2017,9,22.5
Фосфаты,2017,11,12.666666666666666
Фосфаты,2018,1,13.0
Фосфаты,2018,2,10.0
Фосфаты,2018,3,15.0
Фосфаты,2018,5,21.0
Фосфаты,2018,7,14.0
Фосфаты,2018,9,13.0
Фосфаты,2018,10,17.0
Фосфаты,2018,11,8.0
Фосфаты,2018,12,15.0
Фосфаты,2019,3,15.0
Фосфаты,2019,4,16.0
Фосфаты,2019,5,13.0
Фосфаты,2019,6,22.5
Фосфаты,2019,7,11.0
Фосфаты,2019,10,15.0
Фосфаты,2019,11,13.5
Фосфаты,2020,2,14.0
Фосфаты,2020,3,14.13
Фосфаты,2020,4,15.0
Фосфаты,2020,6,11.0
Фосфаты,2020,7,10.0
Фосфаты,2020,8,14.5
Фосфаты,2020,9,14.0
Фосфаты,2020,11,13.666666666666666
Фосфаты,2021,1,21.0
Фосфаты,2021,2,15.333333333333334
Фосфаты,2021,4,18.333333333333332
Фосфаты,2021,5,16.5
Фосфаты,2021,8,13.0
Фториды,2008,4,20.0
Фториды,2008,6,11.0
Фториды,2008,10,15.0
Фториды,2008,12,18.0
Фториды,2009,6,13.0
Фториды,2009,9,14.0
Фториды,2009,10,12.0
Фториды,2009,12,11.0
Фториды,2011,10,11.0
Фториды,2011,12,13.0
Фториды,2016,10,18.0
Фториды,2017,3,12.0
Фториды,2017,6,12.0
Фториды,2018,4,12.0
Фториды,2018,10,11.0
Фториды,2019,3,18.0
Фториды,2019,6,10.0
Фториды,2019,9,15.5
Фториды,2019,10,18.0
Фториды,2019,11,16.0
Фториды,2019,12,13.5
Фториды,2020,1,20.0
Фториды,2020,3,24.0
Фториды,2020,4,29.0
Фториды,2020,5,11.0
Фториды,2020,6,15.0
Фториды,2020,7,16.0
Фториды,2020,8,18.0
Фториды,2020,9,16.0
Фториды,2020,10,16.0
Фториды,2020,11,13.0
Фториды,2020,12,13.0
Фториды,2021,1,14.0
Фториды,2021,2,16.0
Фториды,2021,3,14.5
Фториды,2021,6,15.5
Фториды,2021,7,14.0
Фториды,2021,8,14.0
ХПК,2008,1,20.0
ХПК,2008,2,22.0
ХПК,2008,3,15.666666666666666
ХПК,2008,4,15.0
ХПК,2008,6,15.0
ХПК,2008,7,14.0
ХПК,2008,8,14.0
ХПК,2008,9,11.5
ХПК,2008,10,14.5
ХПК,2008,11,84.5
ХПК,2008,12,14.0
ХПК,2009,1,14.0
ХПК,2009,2,15.0
ХПК,2009,3,13.0
ХПК,2009,4,14.0
ХПК,2009,5,11.0
ХПК,2009,6,11.0
ХПК,2009,9,20.0
ХПК,2009,10,12.333333333333334
ХПК,2009,11,12.0
ХПК,2010,1,10.0
ХПК,2010,2,21.0
ХПК,2010,3,20.5
ХПК,2010,4,15.0
ХПК,2010,5,13.0
ХПК,2010,7,188.0
ХПК,2010,8,153.9
ХПК,2010,9,14.666666666666666
ХПК,2010,10,15.5
ХПК,2010,12,19.0
ХПК,2011,1,24.0
ХПК,2011,2,15.25
ХПК,2011,3,24.0
ХПК,2011,4,13.5
ХПК,2011,5,18.0
ХПК,2011,6,12.0
ХПК,2011,7,14.0
ХПК,2011,8,13.0
ХПК,2011,11,15.5
ХПК,2012,2,12.333333333333334
ХПК,2012,3,13.333333333333334
ХПК,2012,4,17.0
ХПК,2012,5,12.0
ХПК,2012,6,16.0
ХПК,2012,7,11.0
ХПК,2012,8,14.0
ХПК,2012,9,13.0
ХПК,2012,10,12.5
ХПК,2012,12,11.0
ХПК,2013,1,20.5
ХПК,2013,2,14.666666666666666
ХПК,2013,3,15.0
ХПК,2013,4,25.0
ХПК,2013,6,13.0
ХПК,2013,7,15.0
ХПК,2013,8,11.0
ХПК,2013,9,15.0
ХПК,2013,11,10.0
ХПК,2014,1,12.0
ХПК,2014,4,15.5
ХПК,2014,5,10.0
ХПК,2014,7,23.5
ХПК,2014,8,26.0
ХПК,2014,9,12.0
ХПК,2014,10,16.0
ХПК,2014,11,15.0
ХПК,2015,1,23.5
ХПК,2015,2,14.0
ХПК,2015,3,20.0
ХПК,2015,4,11.666666666666666
ХПК,2015,5,17.0
ХПК,2015,6,15.5
ХПК,2015,7,18.5
ХПК,2015,8,13.0
ХПК,2015,9,19.0
ХПК,2015,10,18.0
ХПК,2015,11,13.0
ХПК,2015,12,15.0
ХПК,2016,1,10.0
ХПК,2016,2,19.0
ХПК,2016,3,11.0
ХПК,2016,4,16.0
ХПК,2016,5,15.0
ХПК,2016,6,30.0
ХПК,2016,7,13.0
ХПК,2016,8,14.5
ХПК,2016,9,15.0
ХПК,2016,10,12.0
ХПК,2016,11,14.666666666666666
ХПК,2016,12,15.0
ХПК,2017,1,11.0
ХПК,2017,2,12.5
ХПК,2017,3,15.0
ХПК,2017,4,29.5
ХПК,2017,5,20.0
ХПК,2017,6,16.0
ХПК,2017,7,20.0
ХПК,2017,8,15.0
ХПК,2017,9,13.75
ХПК,2017,10,12.5
ХПК,2017,11,13.0
ХПК,2017,12,15.5
ХПК,2018,1,14.0
ХПК,2018,2,19.0
ХПК,2018,3,13.0
ХПК,2018,6,36.0
ХПК,2018,7,12.0
ХПК,2018,8,13.0
ХПК,2018,9,19.0
ХПК,2018,10,12.0
ХПК,2018,11,15.75
ХПК,2018,12,21.75
ХПК,2019,1,19.0
ХПК,2019,2,14.5
ХПК,2019,3,16.0
ХПК,2019,5,11.0
ХПК,2019,6,26.5
ХПК,2019,7,12.0
ХПК,2019,9,21.666666666666668
ХПК,2019,10,13.0
ХПК,2019,11,17.0
ХПК,2019,12,19.0
ХПК,2020,2,16.5
ХПК,2020,4,291.8
ХПК,2020,5,21.5
ХПК,2020,6,20.333333333333332
ХПК,2020,7,10.0
ХПК,2020,8,17.0
ХПК,2020,9,14.666666666666666
ХПК,2020,10,13.666666666666666
ХПК,2020,11,12.0
ХПК,2020,12,11.666666666666666
ХПК,2021,1,13.0
ХПК,2021,2,16.0
ХПК,2021,3,11.0
ХПК,2021,4,16.0
ХПК,2021,6,22.666666666666668
ХПК,2021,7,12.0
ХПК,2021,8,18.666666666666668
Хлориды,2009,3,16.0
Хлориды,2009,4,11.0
Хлориды,2010,4,10.0
Хлориды,2010,8,11.5
Хлориды,2011,3,14.0
Хлориды,2011,5,10.0
Хлориды,2011,8,17.0
Хлориды,2012,3,16.0
Хлориды,2012,4,22.0
Хлориды,2012,5,10.5
Хлориды,2012,10,15.0
Хлориды,2012,12,15.0
Хлориды,2013,3,15.0
Хлориды,2013,4,22.0
Хлориды,2013,5,11.0
Хлориды,2013,7,11.0
Хлориды,2013,8,14.0
Хлориды,2014,5,11.0
Хлориды,2014,9,10.0
Хлориды,2014,10,11.5
Хлориды,2015,4,15.0
Хлориды,2015,5,11.0
Хлориды,2015,11,13.0
Хлориды,2016,3,17.0
Хлориды,2016,5,14.0
Хлориды,2016,6,14.0
Хлориды,2016,8,18.0
Хлориды,2016,12,11.0
Хлориды,2017,3,12.0
Хлориды,2017,4,14.0
Хлориды,2017,7,12.0
Хлориды,2017,8,21.0
Хлориды,2018,3,12.0
Хлориды,2019,3,11.0
Хлориды,2020,8,17.0
Хлориды,2021,4,39.0
Хлориды,2021,8,48.0
Хром (VI),2012,2,13.0
Хром (VI),2012,3,12.0
Хром (VI),2013,3,11.0
Хром (VI),2021,7,20.0
Цинк,2008,1,18.0
Цинк,2008,2,23.0
Цинк,2008,3,15.0
Цинк,2008,4,26.0
Цинк,2008,5,21.75
Цинк,2008,6,15.0
Цинк,2008,7,14.5
Цинк,2008,8,17.0
Цинк,2008,9,19.6
Цинк,2008,10,16.25
Цинк,2008,11,14.675
Цинк,2008,12,14.333333333333334
Цинк,2009,1,18.5
Цинк,2009,2,18.75
Цинк,2009,3,28.0
Цинк,2009,4,18.333333333333332
Цинк,2009,5,23.333333333333332
Цинк,2009,6,20.666666666666668
Цинк,2009,7,14.5
Цинк,2009,8,18.0
Цинк,2009,9,16.0
Цинк,2009,10,18.0
Цинк,2009,11,18.333333333333332
Цинк,2009,12,28.333333333333332
Цинк,2010,1,22.25
Цинк,2010,2,25.0
Цинк,2010,3,26.5
Цинк,2010,4,26.25
Цинк,2010,5,25.333333333333332
Цинк,2010,6,27.666666666666668
Цинк,2010,7,22.150000000000002
Цинк,2010,8,24.571428571428573
Цинк,2010,9,20.0
Цинк,2010,10,18.25
Цинк,2010,11,12.25
Цинк,2010,12,23.333333333333332
Цинк,2011,1,18.4
Цинк,2011,2,15.75
Цинк,2011,3,24.166666666666668
Цинк,2011,4,34.0
Цинк,2011,5,27.25
Цинк,2011,6,21.333333333333332
Цинк,2011,7,18.0
Цинк,2011,8,19.0
Цинк,2011,9,17.8
Цинк,2011,10,12.666666666666666
Цинк,2011,11,14.0
Цинк,2011,12,31.0
Цинк,2012,1,38.0
Цинк,2012,2,22.166666666666668
Цинк,2012,3,32.142857142857146
Цинк,2012,4,36.5
Цинк,2012,5,24.0
Цинк,2012,6,29.0
Цинк,2012,7,31.0
Цинк,2012,8,13.0
Цинк,2012,9,10.0
Цинк,2012,10,19.0
Цинк,2012,11,27.666666666666668
Цинк,2012,12,26.75
Цинк,2013,1,14.0
Цинк,2013,2,15.0
Цинк,2013,3,15.333333333333334
Цинк,2013,4,29.25
Цинк,2013,5,19.6
Цинк,2013,6,17.75
Цинк,2013,7,17.333333333333332
Цинк,2013,8,17.0
Цинк,2013,9,16.5
Цинк,2013,10,20.0
Цинк,2013,11,25.0
Цинк,2013,12,32.2
Цинк,2014,1,18.0
Цинк,2014,2,31.5
Цинк,2014,3,20.333333333333332
Цинк,2014,4,14.8
Цинк,2014,5,16.0
Цинк,2014,6,18.8
Цинк,2014,7,21.8
Цинк,2014,8,23.0
Цинк,2014,9,24.666666666666668
Цинк,2014,10,31.333333333333332
Цинк,2014,11,23.0
Цинк,2014,12,27.4
Цинк,2015,1,30.75
Цинк,2015,2,34.666666666666664
Цинк,2015,3,22.666666666666668
Цинк,2015,4,17.0
Цинк,2015,5,23.571428571428573
Цинк,2015,6,22.75
Цинк,2015,7,24.714285714285715
Цинк,2015,8,31.75
Цинк,2015,9,27.5
Цинк,2015,10,23.625
Цинк,2015,11,29.875
Цинк,2015,12,22.25
Цинк,2016,1,23.333333333333332
Цинк,2016,2,16.4
Цинк,2016,3,19.428571428571427
Цинк,2016,4,17.333333333333332
Цинк,2016,5,23.0
Цинк,2016,6,21.4
Цинк,2016,7,27.625
Цинк,2016,8,19.4
Цинк,2016,9,21.75
Цинк,2016,10,16.8
Цинк,2016,11,18.5
Цинк,2016,12,16.5
Цинк,2017,1,26.666666666666668
Цинк,2017,2,17.5
Цинк,2017,3,23.2
Цинк,2017,4,28.0
Цинк,2017,5,28.857142857142858
Цинк,2017,6,27.285714285714285
Цинк,2017,7,24.5
Цинк,2017,8,27.666666666666668
Цинк,2017,9,23.5
Цинк,2017,10,21.142857142857142
Цинк,2017,11,28.0
Цинк,2017,12,38.5
Цинк,2018,1,28.75
Цинк,2018,2,23.0
Цинк,2018,3,21.0
Цинк,2018,4,23.11111111111111
Цинк,2018,5,23.4
Цинк,2018,6,27.333333333333332
Цинк,2018,7,24.75
Цинк,2018,8,27.833333333333332
Цинк,2018,9,18.6
Цинк,2018,10,25.3
Цинк,2018,11,28.8
Цинк,2018,12,28.5
Цинк,2019,1,25.0
Цинк,2019,2,26.0
Цинк,2019,3,26.833333333333332
Цинк,2019,4,27.5
Цинк,2019,5,27.0
Цинк,2019,6,15.666666666666666
Цинк,2019,7,29.666666666666668
Цинк,2019,8,29.25
Цинк,2019,9,23.0
Цинк,2019,10,18.833333333333332
Цинк,2019,11,23.142857142857142
Цинк,2019,12,28.8
Цинк,2020,1,43.0
Цинк,2020,2,22.666666666666668
Цинк,2020,3,30.0
Цинк,2020,4,27.125
Цинк,2020,5,33.333333333333336
Цинк,2020,6,33.8
Цинк,2020,7,33.833333333333336
Цинк,2020,8,21.666666666666668
Цинк,2020,9,22.428571428571427
Цинк,2020,10,32.8
Цинк,2020,11,29.333333333333332
Цинк,2020,12,31.0
Цинк,2021,1,22.2
Цинк,2021,2,18.0
Цинк,2021,3,24.1
Цинк,2021,4,27.0
Цинк,2021,5,22.75
Цинк,2021,6,28.8
Цинк,2021,7,35.5
Цинк,2021,8,26.5
